cliente_id,rotulo,score,prob_Poor,prob_Standard,prob_Good,confianca,acertou
CUS_0xab07,Poor,Poor,0.8954,0.1041,0.0005,0.8954,True
CUS_0xa5be,Standard,Standard,0.0656,0.6307,0.3038,0.6307,True
CUS_0x8e44,Good,Good,0.0014,0.0293,0.9693,0.9693,True
CUS_0x161b,Standard,Poor,0.7825,0.2167,0.0007,0.7825,False
CUS_0x3f04,Good,Good,0.1812,0.3379,0.481,0.481,True
CUS_0x5edf,Good,Standard,0.107,0.6999,0.1931,0.6999,False
CUS_0xb338,Good,Good,0.0475,0.2731,0.6793,0.6793,True
CUS_0x3b22,Standard,Standard,0.1909,0.7783,0.0308,0.7783,True
CUS_0x176b,Standard,Standard,0.1363,0.5316,0.332,0.5316,True
CUS_0x36d5,Standard,Standard,0.1455,0.8062,0.0483,0.8062,True
CUS_0x2985,Good,Good,0.0017,0.3272,0.671,0.671,True
CUS_0x3434,Poor,Poor,0.7957,0.2036,0.0007,0.7957,True
CUS_0x4e71,Good,Good,0.001,0.0591,0.9399,0.9399,True
CUS_0x670c,Standard,Standard,0.0918,0.5572,0.3509,0.5572,True
CUS_0xbb30,Standard,Standard,0.0831,0.8712,0.0457,0.8712,True
CUS_0x8d74,Standard,Standard,0.3207,0.4485,0.2308,0.4485,True
CUS_0xdc2,Standard,Standard,0.1173,0.7481,0.1346,0.7481,True
CUS_0x2296,Good,Good,0.0009,0.166,0.8331,0.8331,True
CUS_0x1e46,Poor,Standard,0.2705,0.5923,0.1373,0.5923,False
CUS_0xb83e,Good,Good,0.0284,0.1595,0.8121,0.8121,True
CUS_0x951b,Standard,Poor,0.9216,0.0769,0.0014,0.9216,False
CUS_0x59b5,Poor,Poor,0.8844,0.1149,0.0007,0.8844,True
CUS_0x5761,Poor,Poor,0.8415,0.1579,0.0007,0.8415,True
CUS_0x511c,Poor,Poor,0.8898,0.1097,0.0006,0.8898,True
CUS_0x4cd8,Standard,Standard,0.2772,0.6636,0.0592,0.6636,True
CUS_0x41a8,Standard,Standard,0.1184,0.8454,0.0362,0.8454,True
CUS_0x2184,Standard,Standard,0.1083,0.8772,0.0145,0.8772,True
CUS_0x7e18,Poor,Poor,0.551,0.1547,0.2943,0.551,True
CUS_0x8ac5,Good,Standard,0.0245,0.806,0.1695,0.806,False
CUS_0xa282,Standard,Poor,0.8674,0.1306,0.0021,0.8674,False
CUS_0x9fea,Poor,Poor,0.4814,0.1718,0.3468,0.4814,True
CUS_0x6f22,Good,Good,0.0008,0.0341,0.9651,0.9651,True
CUS_0x2eb3,Standard,Standard,0.0574,0.894,0.0486,0.894,True
CUS_0x9efd,Standard,Poor,0.8066,0.1848,0.0086,0.8066,False
CUS_0x229f,Poor,Poor,0.9539,0.0458,0.0003,0.9539,True
CUS_0x580e,Standard,Standard,0.0491,0.7496,0.2014,0.7496,True
CUS_0x46e6,Poor,Poor,0.727,0.2261,0.0469,0.727,True
CUS_0xa27e,Standard,Standard,0.1757,0.7969,0.0274,0.7969,True
CUS_0x5bf8,Standard,Good,0.012,0.0919,0.8961,0.8961,False
CUS_0x89aa,Good,Standard,0.1187,0.7576,0.1236,0.7576,False
CUS_0x40f,Standard,Standard,0.0629,0.6606,0.2765,0.6606,True
CUS_0x3a15,Good,Good,0.0032,0.0586,0.9383,0.9383,True
CUS_0x70e,Standard,Good,0.084,0.1833,0.7327,0.7327,False
CUS_0x9a18,Good,Good,0.0015,0.0385,0.96,0.96,True
CUS_0x52c2,Good,Good,0.0323,0.1196,0.8482,0.8482,True
CUS_0x9e81,Standard,Good,0.1022,0.1266,0.7712,0.7712,False
CUS_0xb4d6,Good,Good,0.0255,0.1027,0.8718,0.8718,True
CUS_0x162f,Standard,Standard,0.1413,0.6378,0.2209,0.6378,True
CUS_0xb037,Standard,Standard,0.0729,0.9201,0.007,0.9201,True
CUS_0x9ae6,Poor,Poor,0.5098,0.462,0.0282,0.5098,True
CUS_0x488b,Poor,Poor,0.7912,0.2081,0.0007,0.7912,True
CUS_0x9ce7,Standard,Standard,0.0471,0.9198,0.0331,0.9198,True
CUS_0x2378,Poor,Standard,0.321,0.402,0.277,0.402,False
CUS_0x79d7,Poor,Poor,0.6707,0.3289,0.0004,0.6707,True
CUS_0x3108,Good,Good,0.0218,0.1176,0.8606,0.8606,True
CUS_0x4802,Standard,Standard,0.0563,0.5687,0.3751,0.5687,True
CUS_0x2f8c,Poor,Poor,0.8177,0.1632,0.0191,0.8177,True
CUS_0x9e5,Standard,Standard,0.1407,0.7344,0.1249,0.7344,True
CUS_0x75ee,Good,Good,0.0479,0.2053,0.7468,0.7468,True
CUS_0xa3c,Standard,Standard,0.4429,0.5473,0.0098,0.5473,True
CUS_0xa7ce,Standard,Poor,0.8309,0.168,0.0012,0.8309,False
CUS_0x8b26,Poor,Poor,0.7871,0.2078,0.005,0.7871,True
CUS_0x6a11,Standard,Standard,0.062,0.665,0.273,0.665,True
CUS_0x1348,Standard,Standard,0.1849,0.7763,0.0388,0.7763,True
CUS_0x91ca,Standard,Standard,0.152,0.8444,0.0037,0.8444,True
CUS_0x6e36,Standard,Standard,0.0974,0.8418,0.0608,0.8418,True
CUS_0x8459,Good,Standard,0.1332,0.7552,0.1115,0.7552,False
CUS_0x18b5,Poor,Poor,0.9243,0.0743,0.0015,0.9243,True
CUS_0x6a9a,Poor,Poor,0.7713,0.2223,0.0064,0.7713,True
CUS_0xbc03,Poor,Poor,0.8622,0.1365,0.0013,0.8622,True
CUS_0xb8a3,Standard,Poor,0.7709,0.2227,0.0064,0.7709,False
CUS_0x6b4d,Poor,Standard,0.3197,0.6711,0.0093,0.6711,False
CUS_0x1c83,Standard,Standard,0.0552,0.9376,0.0072,0.9376,True
CUS_0x4e9c,Standard,Standard,0.0578,0.8573,0.0849,0.8573,True
CUS_0x26e0,Poor,Standard,0.3143,0.5541,0.1316,0.5541,False
CUS_0x8562,Poor,Poor,0.8339,0.165,0.0011,0.8339,True
CUS_0x9189,Poor,Poor,0.8295,0.167,0.0035,0.8295,True
CUS_0x8984,Standard,Good,0.1446,0.3679,0.4874,0.4874,False
CUS_0x79b7,Good,Good,0.1134,0.1183,0.7684,0.7684,True
CUS_0x1f42,Standard,Poor,0.8787,0.1204,0.0009,0.8787,False
CUS_0x31b8,Standard,Standard,0.0401,0.486,0.4739,0.486,True
CUS_0x5353,Poor,Standard,0.2537,0.7411,0.0052,0.7411,False
CUS_0x14ec,Poor,Poor,0.7864,0.0921,0.1214,0.7864,True
CUS_0x4d7a,Poor,Standard,0.0309,0.8621,0.1069,0.8621,False
CUS_0x90f8,Good,Good,0.055,0.153,0.792,0.792,True
CUS_0x3731,Poor,Poor,0.772,0.1494,0.0786,0.772,True
CUS_0x3aab,Standard,Poor,0.7251,0.2743,0.0006,0.7251,False
CUS_0x37ec,Poor,Poor,0.8455,0.1528,0.0017,0.8455,True
CUS_0x2468,Poor,Poor,0.7714,0.2257,0.0029,0.7714,True
CUS_0xba9d,Poor,Poor,0.5873,0.4084,0.0043,0.5873,True
CUS_0xc242,Standard,Standard,0.4131,0.5843,0.0026,0.5843,True
CUS_0x5e3f,Poor,Poor,0.6181,0.3537,0.0282,0.6181,True
CUS_0x89c2,Standard,Standard,0.0204,0.8202,0.1595,0.8202,True
CUS_0x247c,Standard,Standard,0.0753,0.6564,0.2683,0.6564,True
CUS_0xbaa0,Poor,Standard,0.4,0.5804,0.0197,0.5804,False
CUS_0x1269,Good,Good,0.0013,0.0649,0.9338,0.9338,True
CUS_0xae36,Standard,Standard,0.1969,0.764,0.039,0.764,True
CUS_0x7baa,Standard,Standard,0.2046,0.751,0.0444,0.751,True
CUS_0xd61,Standard,Poor,0.6521,0.3456,0.0023,0.6521,False
CUS_0x1799,Standard,Standard,0.1785,0.7732,0.0483,0.7732,True
CUS_0x8800,Poor,Poor,0.74,0.255,0.005,0.74,True
CUS_0x2bed,Poor,Standard,0.2108,0.4948,0.2944,0.4948,False
CUS_0x7e28,Standard,Standard,0.2797,0.6854,0.0349,0.6854,True
CUS_0x44d2,Good,Good,0.0005,0.0285,0.971,0.971,True
CUS_0x2761,Good,Standard,0.1083,0.7996,0.0921,0.7996,False
CUS_0x41b7,Standard,Poor,0.7698,0.2276,0.0026,0.7698,False
CUS_0x5fe0,Standard,Poor,0.5771,0.4184,0.0045,0.5771,False
CUS_0x9e8f,Good,Good,0.071,0.1246,0.8044,0.8044,True
CUS_0xc1f7,Standard,Standard,0.0608,0.7035,0.2357,0.7035,True
CUS_0x707c,Standard,Good,0.0508,0.3643,0.585,0.585,False
CUS_0x4533,Standard,Standard,0.0361,0.8969,0.067,0.8969,True
CUS_0x38b0,Good,Good,0.1026,0.2537,0.6438,0.6438,True
CUS_0xa737,Standard,Standard,0.0252,0.7953,0.1795,0.7953,True
CUS_0xc5d5,Poor,Poor,0.8821,0.1149,0.0031,0.8821,True
CUS_0x6347,Good,Standard,0.0476,0.79,0.1624,0.79,False
CUS_0x3d77,Standard,Standard,0.0343,0.9147,0.051,0.9147,True
CUS_0x211a,Standard,Poor,0.4983,0.4709,0.0308,0.4983,False
CUS_0x3553,Good,Good,0.0057,0.0847,0.9096,0.9096,True
CUS_0x6c88,Standard,Standard,0.0921,0.8249,0.083,0.8249,True
CUS_0x9c4b,Poor,Poor,0.5866,0.3934,0.0199,0.5866,True
CUS_0x9c17,Poor,Poor,0.7637,0.2358,0.0005,0.7637,True
CUS_0xc288,Standard,Standard,0.2524,0.6823,0.0654,0.6823,True
CUS_0xc465,Standard,Standard,0.1028,0.8861,0.0111,0.8861,True
CUS_0xb631,Standard,Standard,0.0243,0.7649,0.2108,0.7649,True
CUS_0x7622,Standard,Standard,0.0466,0.8764,0.077,0.8764,True
CUS_0x6a6c,Standard,Good,0.073,0.169,0.758,0.758,False
CUS_0xd73,Standard,Poor,0.7263,0.2705,0.0032,0.7263,False
CUS_0x75f,Standard,Standard,0.0638,0.8624,0.0737,0.8624,True
CUS_0x8140,Poor,Poor,0.8377,0.1555,0.0068,0.8377,True
CUS_0xb5c0,Good,Standard,0.212,0.5139,0.2741,0.5139,False
CUS_0x59bd,Poor,Poor,0.8522,0.1467,0.0012,0.8522,True
CUS_0x8cd2,Good,Good,0.0194,0.4324,0.5482,0.5482,True
CUS_0x2e10,Poor,Poor,0.7427,0.2569,0.0004,0.7427,True
CUS_0x55e4,Poor,Poor,0.5888,0.4079,0.0033,0.5888,True
CUS_0x3e0b,Poor,Poor,0.6102,0.3882,0.0016,0.6102,True
CUS_0x449b,Standard,Standard,0.2951,0.6444,0.0605,0.6444,True
CUS_0xba5f,Poor,Poor,0.7603,0.2339,0.0058,0.7603,True
CUS_0x81d6,Standard,Standard,0.4011,0.5844,0.0145,0.5844,True
CUS_0x3b1b,Standard,Good,0.0368,0.3105,0.6527,0.6527,False
CUS_0x5029,Good,Good,0.001,0.0283,0.9706,0.9706,True
CUS_0x8568,Good,Good,0.0199,0.0945,0.8855,0.8855,True
CUS_0x7cd8,Good,Good,0.0969,0.1696,0.7336,0.7336,True
CUS_0x98a,Poor,Poor,0.8005,0.1983,0.0012,0.8005,True
CUS_0x53e8,Poor,Poor,0.6181,0.3713,0.0105,0.6181,True
CUS_0xb801,Good,Good,0.008,0.0626,0.9295,0.9295,True
CUS_0x60c2,Standard,Standard,0.0762,0.8145,0.1093,0.8145,True
CUS_0xee1,Poor,Poor,0.8708,0.1286,0.0006,0.8708,True
CUS_0x957e,Poor,Poor,0.5864,0.4097,0.0039,0.5864,True
CUS_0xbbd3,Poor,Poor,0.8405,0.1589,0.0006,0.8405,True
CUS_0x4390,Standard,Standard,0.0198,0.9175,0.0627,0.9175,True
CUS_0x5386,Standard,Poor,0.9426,0.0557,0.0018,0.9426,False
CUS_0x6ba2,Good,Standard,0.0273,0.7688,0.2039,0.7688,False
CUS_0x1fcb,Standard,Good,0.1292,0.3352,0.5356,0.5356,False
CUS_0x9f51,Poor,Poor,0.8294,0.1694,0.0012,0.8294,True
CUS_0x467f,Poor,Poor,0.751,0.2486,0.0004,0.751,True
CUS_0x9857,Poor,Poor,0.8843,0.1155,0.0002,0.8843,True
CUS_0x2e55,Standard,Poor,0.8564,0.1418,0.0017,0.8564,False
CUS_0xc6ac,Standard,Standard,0.0556,0.9243,0.0201,0.9243,True
CUS_0x2e9b,Poor,Poor,0.8296,0.1702,0.0002,0.8296,True
CUS_0xa77f,Standard,Standard,0.0988,0.8286,0.0726,0.8286,True
CUS_0x2a60,Poor,Standard,0.1434,0.829,0.0276,0.829,False
CUS_0x2c13,Poor,Poor,0.8486,0.1512,0.0002,0.8486,True
CUS_0x58f4,Poor,Standard,0.0969,0.8619,0.0412,0.8619,False
CUS_0x3b2e,Standard,Poor,0.7667,0.2263,0.0069,0.7667,False
CUS_0xbd1f,Good,Good,0.0202,0.4113,0.5685,0.5685,True
CUS_0x270e,Poor,Poor,0.7311,0.2666,0.0023,0.7311,True
CUS_0x6207,Good,Good,0.1383,0.4202,0.4414,0.4414,True
CUS_0x4f92,Standard,Standard,0.3142,0.4968,0.189,0.4968,True
CUS_0x5d94,Good,Standard,0.0031,0.5461,0.4509,0.5461,False
CUS_0x6437,Good,Good,0.075,0.2182,0.7068,0.7068,True
CUS_0x44ec,Standard,Poor,0.6881,0.252,0.0599,0.6881,False
CUS_0x3fb3,Standard,Standard,0.1767,0.4753,0.348,0.4753,True
CUS_0x14f5,Poor,Poor,0.8611,0.1382,0.0007,0.8611,True
CUS_0x9ae0,Standard,Poor,0.8947,0.1045,0.0008,0.8947,False
CUS_0xa6f4,Good,Good,0.0307,0.3551,0.6142,0.6142,True
CUS_0x27b9,Standard,Standard,0.1126,0.8743,0.0131,0.8743,True
CUS_0xc12f,Standard,Standard,0.0332,0.702,0.2648,0.702,True
CUS_0x5de2,Standard,Good,0.0323,0.2184,0.7493,0.7493,False
CUS_0xa116,Standard,Poor,0.8187,0.17,0.0113,0.8187,False
CUS_0x1c31,Poor,Poor,0.7469,0.2505,0.0026,0.7469,True
CUS_0x9e6c,Standard,Standard,0.0623,0.8064,0.1313,0.8064,True
CUS_0xba11,Standard,Poor,0.7455,0.1038,0.1507,0.7455,False
CUS_0x4bde,Poor,Poor,0.8851,0.1145,0.0003,0.8851,True
CUS_0x21af,Poor,Poor,0.9509,0.0413,0.0078,0.9509,True
CUS_0xa741,Standard,Standard,0.1084,0.8426,0.0491,0.8426,True
CUS_0xb982,Standard,Good,0.1122,0.1998,0.688,0.688,False
CUS_0x1cfd,Standard,Standard,0.0872,0.8943,0.0185,0.8943,True
CUS_0xc64e,Poor,Poor,0.5369,0.4373,0.0259,0.5369,True
CUS_0xfcc,Standard,Standard,0.0331,0.9166,0.0503,0.9166,True
CUS_0x65fe,Poor,Poor,0.911,0.0875,0.0015,0.911,True
CUS_0x6b9d,Poor,Standard,0.1548,0.8136,0.0317,0.8136,False
CUS_0x461,Standard,Standard,0.0633,0.8537,0.083,0.8537,True
CUS_0xc26e,Standard,Standard,0.038,0.9032,0.0588,0.9032,True
CUS_0x4132,Poor,Poor,0.8431,0.1559,0.0011,0.8431,True
CUS_0x860,Standard,Standard,0.0088,0.9483,0.0429,0.9483,True
CUS_0xc5f8,Standard,Standard,0.315,0.6686,0.0163,0.6686,True
CUS_0x7b62,Poor,Poor,0.6672,0.3098,0.023,0.6672,True
CUS_0xb681,Poor,Poor,0.8122,0.1872,0.0006,0.8122,True
CUS_0x100b,Standard,Good,0.1556,0.3503,0.4941,0.4941,False
CUS_0x6068,Standard,Standard,0.1803,0.6594,0.1603,0.6594,True
CUS_0x6bb5,Good,Standard,0.0009,0.6065,0.3926,0.6065,False
CUS_0x56d6,Standard,Standard,0.3978,0.5758,0.0265,0.5758,True
CUS_0x8666,Poor,Poor,0.827,0.1728,0.0001,0.827,True
CUS_0x82a7,Poor,Poor,0.8459,0.1534,0.0007,0.8459,True
CUS_0x2cf4,Standard,Good,0.3769,0.2103,0.4128,0.4128,False
CUS_0x9e02,Standard,Standard,0.3814,0.4713,0.1473,0.4713,True
CUS_0x35fe,Good,Standard,0.0615,0.5763,0.3622,0.5763,False
CUS_0x6cb3,Standard,Poor,0.6423,0.3441,0.0137,0.6423,False
CUS_0x4711,Standard,Standard,0.4215,0.5606,0.0178,0.5606,True
CUS_0x9f08,Standard,Standard,0.1255,0.8121,0.0623,0.8121,True
CUS_0x8747,Good,Good,0.0032,0.0592,0.9376,0.9376,True
CUS_0x5268,Standard,Good,0.0021,0.4209,0.577,0.577,False
CUS_0x2297,Standard,Standard,0.2031,0.7917,0.0052,0.7917,True
CUS_0x2912,Standard,Standard,0.1867,0.5304,0.2829,0.5304,True
CUS_0x35c6,Standard,Standard,0.112,0.6478,0.2402,0.6478,True
CUS_0x976,Standard,Standard,0.2374,0.7546,0.008,0.7546,True
CUS_0x8b91,Standard,Standard,0.0487,0.7984,0.1529,0.7984,True
CUS_0xbf67,Standard,Standard,0.1738,0.806,0.0202,0.806,True
CUS_0x8f23,Standard,Standard,0.2636,0.7224,0.0141,0.7224,True
CUS_0x9f23,Good,Good,0.0649,0.3854,0.5497,0.5497,True
CUS_0x25ed,Good,Good,0.0115,0.2799,0.7086,0.7086,True
CUS_0x645e,Poor,Poor,0.9361,0.0626,0.0013,0.9361,True
CUS_0x4b12,Standard,Standard,0.1244,0.8579,0.0177,0.8579,True
CUS_0x705d,Good,Good,0.0009,0.0911,0.908,0.908,True
CUS_0x53f3,Good,Good,0.297,0.3123,0.3906,0.3906,True
CUS_0x71ab,Standard,Poor,0.9307,0.0684,0.0009,0.9307,False
CUS_0x4df9,Poor,Poor,0.8808,0.1181,0.001,0.8808,True
CUS_0xa495,Good,Good,0.0462,0.1012,0.8525,0.8525,True
CUS_0x8e1a,Standard,Standard,0.0102,0.9568,0.033,0.9568,True
CUS_0x84df,Standard,Standard,0.16,0.7807,0.0593,0.7807,True
CUS_0x4976,Standard,Poor,0.7539,0.243,0.0031,0.7539,False
CUS_0x2484,Standard,Standard,0.0648,0.9288,0.0064,0.9288,True
CUS_0x9bd6,Standard,Poor,0.6673,0.3275,0.0052,0.6673,False
CUS_0x4c5c,Standard,Standard,0.3897,0.599,0.0114,0.599,True
CUS_0xa54d,Good,Good,0.0893,0.1081,0.8027,0.8027,True
CUS_0x1a06,Standard,Standard,0.0503,0.9075,0.0423,0.9075,True
CUS_0x4931,Poor,Poor,0.9593,0.0405,0.0002,0.9593,True
CUS_0x5bad,Standard,Good,0.0344,0.2175,0.7481,0.7481,False
CUS_0x4bef,Poor,Standard,0.3978,0.5026,0.0996,0.5026,False
CUS_0xba9f,Standard,Standard,0.0398,0.5257,0.4345,0.5257,True
CUS_0x3561,Poor,Poor,0.7473,0.2158,0.0369,0.7473,True
CUS_0x93bc,Standard,Standard,0.3032,0.6755,0.0213,0.6755,True
CUS_0x5af1,Standard,Poor,0.5323,0.4648,0.0028,0.5323,False
CUS_0xb079,Poor,Poor,0.9588,0.0368,0.0045,0.9588,True
CUS_0x6069,Standard,Poor,0.5933,0.406,0.0007,0.5933,False
CUS_0x82f2,Standard,Standard,0.0374,0.9528,0.0097,0.9528,True
CUS_0x5d51,Good,Good,0.0568,0.1358,0.8074,0.8074,True
CUS_0x92e9,Poor,Standard,0.1328,0.8616,0.0057,0.8616,False
CUS_0xbcde,Standard,Good,0.0005,0.232,0.7675,0.7675,False
CUS_0x1956,Standard,Standard,0.0425,0.9019,0.0556,0.9019,True
CUS_0x9764,Poor,Standard,0.3033,0.6445,0.0521,0.6445,False
CUS_0x9f8e,Poor,Poor,0.8864,0.1114,0.0022,0.8864,True
CUS_0x9b4f,Standard,Standard,0.0247,0.6586,0.3167,0.6586,True
CUS_0x11c6,Standard,Good,0.0387,0.166,0.7952,0.7952,False
CUS_0x31e0,Standard,Good,0.0666,0.1881,0.7453,0.7453,False
CUS_0x9273,Good,Good,0.2122,0.2165,0.5713,0.5713,True
CUS_0x432a,Standard,Good,0.0098,0.2889,0.7013,0.7013,False
CUS_0x14c1,Standard,Good,0.0954,0.3363,0.5682,0.5682,False
CUS_0x7af8,Standard,Poor,0.5136,0.484,0.0023,0.5136,False
CUS_0x9093,Standard,Poor,0.6906,0.2673,0.0421,0.6906,False
CUS_0x867e,Poor,Poor,0.9111,0.0884,0.0005,0.9111,True
CUS_0x7d40,Standard,Poor,0.8763,0.1232,0.0005,0.8763,False
CUS_0xafd5,Standard,Standard,0.0737,0.7555,0.1707,0.7555,True
CUS_0x57e5,Standard,Standard,0.4717,0.5229,0.0054,0.5229,True
CUS_0x18f3,Good,Good,0.0296,0.1277,0.8427,0.8427,True
CUS_0x3d82,Standard,Good,0.0747,0.3022,0.6231,0.6231,False
CUS_0x9c2,Poor,Poor,0.834,0.164,0.002,0.834,True
CUS_0x1589,Good,Good,0.0264,0.2099,0.7638,0.7638,True
CUS_0x9b85,Poor,Standard,0.113,0.8509,0.0361,0.8509,False
CUS_0x9a95,Poor,Poor,0.8451,0.1538,0.0011,0.8451,True
CUS_0x1232,Standard,Standard,0.3946,0.5622,0.0433,0.5622,True
CUS_0x6f64,Standard,Standard,0.073,0.9161,0.0109,0.9161,True
CUS_0xa437,Standard,Standard,0.2524,0.6775,0.0701,0.6775,True
CUS_0x6427,Standard,Standard,0.4152,0.5808,0.004,0.5808,True
CUS_0x5f36,Standard,Standard,0.049,0.8754,0.0756,0.8754,True
CUS_0x841e,Standard,Standard,0.0586,0.7841,0.1572,0.7841,True
CUS_0x1236,Standard,Good,0.0375,0.4769,0.4856,0.4856,False
CUS_0x55da,Standard,Standard,0.4721,0.5269,0.001,0.5269,True
CUS_0x8d69,Standard,Standard,0.0235,0.8895,0.087,0.8895,True
CUS_0x5d44,Standard,Standard,0.066,0.8481,0.0859,0.8481,True
CUS_0x29dd,Good,Standard,0.327,0.5005,0.1725,0.5005,False
CUS_0x69e5,Standard,Standard,0.276,0.7018,0.0222,0.7018,True
CUS_0xa1df,Standard,Standard,0.0842,0.4959,0.4199,0.4959,True
CUS_0xa1c5,Good,Good,0.0172,0.2465,0.7363,0.7363,True
CUS_0x86fa,Standard,Standard,0.0308,0.8501,0.1191,0.8501,True
CUS_0x2a67,Standard,Standard,0.0228,0.9227,0.0545,0.9227,True
CUS_0x788a,Poor,Standard,0.3119,0.6605,0.0276,0.6605,False
CUS_0xb2c8,Poor,Poor,0.8563,0.1426,0.0011,0.8563,True
CUS_0x8711,Standard,Poor,0.8185,0.1812,0.0003,0.8185,False
CUS_0xa71a,Standard,Poor,0.6935,0.3017,0.0047,0.6935,False
CUS_0x58ef,Good,Standard,0.1013,0.825,0.0738,0.825,False
CUS_0x715e,Poor,Poor,0.7913,0.2073,0.0014,0.7913,True
CUS_0x221f,Standard,Standard,0.345,0.6339,0.0211,0.6339,True
CUS_0xa21c,Poor,Poor,0.5762,0.4186,0.0052,0.5762,True
CUS_0x9813,Standard,Good,0.0448,0.3371,0.6182,0.6182,False
CUS_0x682f,Standard,Standard,0.2075,0.7606,0.0319,0.7606,True
CUS_0x4c84,Standard,Standard,0.3594,0.6253,0.0153,0.6253,True
CUS_0xf3e,Poor,Standard,0.4866,0.5026,0.0108,0.5026,False
CUS_0x9466,Poor,Good,0.1261,0.1782,0.6956,0.6956,False
CUS_0x7f86,Standard,Standard,0.0377,0.9342,0.0281,0.9342,True
CUS_0x48ed,Standard,Poor,0.576,0.4189,0.0051,0.576,False
CUS_0x2b00,Standard,Poor,0.3499,0.3117,0.3384,0.3499,False
CUS_0x8281,Poor,Poor,0.8955,0.1035,0.0009,0.8955,True
CUS_0x44fa,Standard,Standard,0.1507,0.8046,0.0448,0.8046,True
CUS_0xb611,Standard,Standard,0.1771,0.7781,0.0448,0.7781,True
CUS_0x5d8b,Good,Good,0.0497,0.1694,0.7809,0.7809,True
CUS_0xaf4a,Good,Good,0.0607,0.2684,0.6709,0.6709,True
CUS_0xa094,Poor,Poor,0.8344,0.1614,0.0043,0.8344,True
CUS_0x12d1,Standard,Standard,0.0785,0.8249,0.0966,0.8249,True
CUS_0x2b99,Poor,Poor,0.5504,0.3159,0.1336,0.5504,True
CUS_0x3e68,Poor,Standard,0.4188,0.5784,0.0028,0.5784,False
CUS_0x2095,Standard,Standard,0.0231,0.9327,0.0442,0.9327,True
CUS_0x9944,Poor,Poor,0.7016,0.2961,0.0023,0.7016,True
CUS_0xb38b,Standard,Standard,0.3228,0.6408,0.0364,0.6408,True
CUS_0x4c77,Poor,Standard,0.3485,0.3868,0.2647,0.3868,False
CUS_0x9015,Standard,Standard,0.2068,0.5887,0.2045,0.5887,True
CUS_0x96ad,Good,Standard,0.0648,0.7622,0.173,0.7622,False
CUS_0x4223,Poor,Poor,0.9503,0.0485,0.0011,0.9503,True
CUS_0x89ba,Good,Good,0.0074,0.1544,0.8382,0.8382,True
CUS_0x4807,Standard,Poor,0.8952,0.1045,0.0003,0.8952,False
CUS_0x9352,Standard,Standard,0.1253,0.8618,0.0129,0.8618,True
CUS_0x38e3,Standard,Standard,0.0262,0.9167,0.0571,0.9167,True
CUS_0xba27,Standard,Standard,0.4246,0.5231,0.0522,0.5231,True
CUS_0x8b4f,Good,Good,0.0002,0.0126,0.9872,0.9872,True
CUS_0x783b,Good,Good,0.0274,0.3963,0.5762,0.5762,True
CUS_0x7fa8,Poor,Poor,0.9307,0.0686,0.0007,0.9307,True
CUS_0xbb6e,Standard,Standard,0.0516,0.8496,0.0988,0.8496,True
CUS_0x7d66,Good,Good,0.0007,0.0115,0.9878,0.9878,True
CUS_0x5d77,Poor,Poor,0.508,0.1799,0.3121,0.508,True
CUS_0xc4a1,Poor,Poor,0.8453,0.1517,0.0029,0.8453,True
CUS_0x26a9,Standard,Poor,0.7868,0.2121,0.001,0.7868,False
CUS_0x476c,Good,Good,0.0331,0.2486,0.7183,0.7183,True
CUS_0x9e5f,Poor,Poor,0.7922,0.2074,0.0004,0.7922,True
CUS_0x3fcd,Standard,Standard,0.2539,0.7133,0.0328,0.7133,True
CUS_0x2f38,Good,Standard,0.2189,0.7345,0.0466,0.7345,False
CUS_0xb5f3,Poor,Poor,0.8671,0.132,0.0008,0.8671,True
CUS_0x706a,Standard,Standard,0.0318,0.9178,0.0504,0.9178,True
CUS_0x95d2,Standard,Standard,0.0914,0.7627,0.1459,0.7627,True
CUS_0x6870,Poor,Poor,0.8511,0.1408,0.0081,0.8511,True
CUS_0x6479,Good,Good,0.0423,0.3237,0.634,0.634,True
CUS_0xb653,Poor,Standard,0.1004,0.6978,0.2018,0.6978,False
CUS_0x73f9,Standard,Standard,0.3968,0.5878,0.0154,0.5878,True
CUS_0x2794,Standard,Poor,0.7126,0.2851,0.0023,0.7126,False
CUS_0x63ec,Good,Good,0.1117,0.1251,0.7632,0.7632,True
CUS_0x3911,Standard,Good,0.0801,0.3415,0.5784,0.5784,False
CUS_0x1096,Poor,Standard,0.4236,0.5024,0.074,0.5024,False
CUS_0x98f9,Standard,Standard,0.1334,0.7548,0.1118,0.7548,True
CUS_0xad53,Standard,Standard,0.4327,0.562,0.0053,0.562,True
CUS_0x8af4,Poor,Poor,0.677,0.2271,0.0959,0.677,True
CUS_0x8e5b,Poor,Poor,0.8949,0.1047,0.0004,0.8949,True
CUS_0x5bcb,Poor,Standard,0.0584,0.5634,0.3783,0.5634,False
CUS_0xae89,Good,Good,0.0162,0.2933,0.6905,0.6905,True
CUS_0x22cf,Poor,Poor,0.8714,0.1236,0.005,0.8714,True
CUS_0x6a56,Poor,Poor,0.744,0.2553,0.0007,0.744,True
CUS_0x691,Poor,Good,0.2461,0.175,0.5789,0.5789,False
CUS_0x6d82,Standard,Standard,0.0797,0.859,0.0613,0.859,True
CUS_0x27ad,Standard,Standard,0.0409,0.8623,0.0968,0.8623,True
CUS_0x65a9,Good,Standard,0.1895,0.4211,0.3894,0.4211,False
CUS_0x5d1c,Standard,Standard,0.0466,0.7226,0.2308,0.7226,True
CUS_0x22b1,Good,Good,0.0167,0.0704,0.9129,0.9129,True
CUS_0x6701,Poor,Standard,0.2788,0.684,0.0371,0.684,False
CUS_0x94dd,Standard,Standard,0.0502,0.8646,0.0852,0.8646,True
CUS_0x13e7,Poor,Poor,0.9171,0.0825,0.0005,0.9171,True
CUS_0xbd2c,Standard,Standard,0.187,0.7984,0.0146,0.7984,True
CUS_0x2a1b,Standard,Standard,0.094,0.8111,0.0949,0.8111,True
CUS_0x2a8b,Good,Standard,0.0941,0.7114,0.1945,0.7114,False
CUS_0x784,Standard,Standard,0.1543,0.4472,0.3985,0.4472,True
CUS_0x5247,Good,Standard,0.3001,0.3914,0.3085,0.3914,False
CUS_0x3768,Good,Good,0.0939,0.1556,0.7506,0.7506,True
CUS_0x292d,Standard,Good,0.137,0.3973,0.4658,0.4658,False
CUS_0x407a,Good,Good,0.0493,0.2946,0.6562,0.6562,True
CUS_0x3c96,Standard,Poor,0.9522,0.0468,0.0011,0.9522,False
CUS_0xa27a,Standard,Standard,0.0568,0.888,0.0552,0.888,True
CUS_0x7546,Standard,Standard,0.0354,0.9265,0.0381,0.9265,True
CUS_0xbccc,Poor,Poor,0.6048,0.2322,0.1631,0.6048,True
CUS_0xa133,Good,Good,0.0198,0.2547,0.7254,0.7254,True
CUS_0x56f5,Standard,Standard,0.0816,0.8423,0.0761,0.8423,True
CUS_0x4577,Poor,Poor,0.8482,0.1494,0.0025,0.8482,True
CUS_0x9389,Standard,Standard,0.0355,0.6809,0.2836,0.6809,True
CUS_0x104e,Standard,Standard,0.0615,0.878,0.0605,0.878,True
CUS_0x4dd1,Standard,Good,0.0006,0.0278,0.9716,0.9716,False
CUS_0x125c,Poor,Poor,0.7816,0.1636,0.0548,0.7816,True
CUS_0xb014,Standard,Poor,0.8083,0.191,0.0007,0.8083,False
CUS_0x5fd3,Standard,Standard,0.1714,0.786,0.0427,0.786,True
CUS_0xa18f,Poor,Poor,0.8348,0.1639,0.0012,0.8348,True
CUS_0x4c4f,Standard,Standard,0.031,0.5352,0.4338,0.5352,True
CUS_0x1169,Standard,Good,0.068,0.2438,0.6881,0.6881,False
CUS_0x74f7,Standard,Good,0.2153,0.291,0.4937,0.4937,False
CUS_0x69e0,Poor,Poor,0.8914,0.1065,0.0021,0.8914,True
CUS_0x146a,Standard,Standard,0.1114,0.8441,0.0444,0.8441,True
CUS_0xb9ca,Standard,Standard,0.4008,0.5862,0.013,0.5862,True
CUS_0xb2f7,Standard,Standard,0.062,0.7703,0.1677,0.7703,True
CUS_0x8afa,Standard,Standard,0.4564,0.5407,0.0028,0.5407,True
CUS_0xb37c,Standard,Standard,0.0292,0.9432,0.0276,0.9432,True
CUS_0x3e52,Standard,Standard,0.076,0.8336,0.0904,0.8336,True
CUS_0xb189,Poor,Poor,0.5236,0.4705,0.0059,0.5236,True
CUS_0x1986,Good,Good,0.023,0.2026,0.7744,0.7744,True
CUS_0xb7ea,Standard,Standard,0.2836,0.6813,0.0351,0.6813,True
CUS_0x759c,Good,Good,0.0532,0.2823,0.6645,0.6645,True
CUS_0x8b5f,Good,Good,0.036,0.1191,0.845,0.845,True
CUS_0x7e67,Standard,Standard,0.1128,0.8598,0.0274,0.8598,True
CUS_0x24cf,Standard,Standard,0.0203,0.8075,0.1722,0.8075,True
CUS_0x3bc6,Poor,Poor,0.774,0.2255,0.0005,0.774,True
CUS_0x22c1,Standard,Standard,0.0127,0.9573,0.03,0.9573,True
CUS_0xb5af,Good,Good,0.0849,0.147,0.7681,0.7681,True
CUS_0x3de8,Standard,Standard,0.0752,0.8571,0.0677,0.8571,True
CUS_0x88b6,Standard,Standard,0.0731,0.9027,0.0242,0.9027,True
CUS_0x990,Poor,Poor,0.8336,0.166,0.0004,0.8336,True
CUS_0xb024,Standard,Standard,0.0857,0.908,0.0063,0.908,True
CUS_0x2031,Good,Good,0.0008,0.1736,0.8256,0.8256,True
CUS_0x303b,Poor,Good,0.0832,0.1532,0.7637,0.7637,False
CUS_0x66c4,Standard,Poor,0.9026,0.0969,0.0004,0.9026,False
CUS_0x8e81,Poor,Standard,0.1745,0.7978,0.0277,0.7978,False
CUS_0x40d7,Standard,Standard,0.3504,0.6235,0.0262,0.6235,True
CUS_0x5b7,Poor,Poor,0.6325,0.3507,0.0168,0.6325,True
CUS_0x9a92,Standard,Poor,0.6207,0.3726,0.0066,0.6207,False
CUS_0x5f61,Standard,Standard,0.0611,0.8953,0.0435,0.8953,True
CUS_0x52ee,Standard,Standard,0.1786,0.7482,0.0731,0.7482,True
CUS_0x1d13,Standard,Standard,0.2611,0.6878,0.0512,0.6878,True
CUS_0x2717,Standard,Poor,0.8406,0.1063,0.0531,0.8406,False
CUS_0x2fab,Good,Good,0.0016,0.1147,0.8836,0.8836,True
CUS_0x63d8,Standard,Standard,0.0485,0.7079,0.2436,0.7079,True
CUS_0x11fc,Good,Good,0.0906,0.206,0.7034,0.7034,True
CUS_0x8e8,Good,Standard,0.0537,0.814,0.1323,0.814,False
CUS_0x6c85,Good,Good,0.0382,0.1524,0.8094,0.8094,True
CUS_0x7888,Standard,Standard,0.0305,0.8746,0.095,0.8746,True
CUS_0x7963,Good,Good,0.0006,0.0311,0.9683,0.9683,True
CUS_0x836e,Standard,Standard,0.2176,0.7683,0.0141,0.7683,True
CUS_0x25ae,Standard,Standard,0.1576,0.6048,0.2376,0.6048,True
CUS_0x9f2f,Poor,Poor,0.9332,0.0639,0.0029,0.9332,True
CUS_0x797d,Standard,Standard,0.2917,0.6438,0.0645,0.6438,True
CUS_0x2552,Standard,Poor,0.7256,0.2742,0.0002,0.7256,False
CUS_0x438b,Poor,Poor,0.6182,0.3413,0.0404,0.6182,True
CUS_0xe4e,Standard,Standard,0.0497,0.9119,0.0384,0.9119,True
CUS_0xbd85,Standard,Standard,0.4183,0.5652,0.0165,0.5652,True
CUS_0xb85a,Poor,Poor,0.7653,0.1881,0.0465,0.7653,True
CUS_0xa39e,Poor,Poor,0.8837,0.1152,0.001,0.8837,True
CUS_0x2947,Standard,Good,0.1414,0.208,0.6506,0.6506,False
CUS_0x6fec,Standard,Standard,0.0447,0.7927,0.1626,0.7927,True
CUS_0x32be,Standard,Poor,0.595,0.1358,0.2692,0.595,False
CUS_0x7351,Standard,Standard,0.2586,0.7383,0.0032,0.7383,True
CUS_0x52cb,Good,Good,0.0019,0.091,0.9071,0.9071,True
CUS_0x308d,Standard,Standard,0.0418,0.4793,0.479,0.4793,True
CUS_0x9486,Poor,Poor,0.8412,0.1585,0.0003,0.8412,True
CUS_0x2c2d,Standard,Standard,0.0865,0.8807,0.0328,0.8807,True
CUS_0x817d,Poor,Standard,0.1088,0.8666,0.0246,0.8666,False
CUS_0x271a,Poor,Poor,0.6353,0.138,0.2267,0.6353,True
CUS_0x9748,Poor,Standard,0.2949,0.6271,0.078,0.6271,False
CUS_0x776d,Standard,Standard,0.4067,0.5869,0.0063,0.5869,True
CUS_0x2a06,Poor,Poor,0.8525,0.1464,0.0012,0.8525,True
CUS_0x598f,Standard,Poor,0.7018,0.2966,0.0016,0.7018,False
CUS_0x552f,Good,Good,0.0034,0.0148,0.9817,0.9817,True
CUS_0x6d15,Standard,Standard,0.462,0.5376,0.0004,0.5376,True
CUS_0x6a6f,Standard,Standard,0.075,0.5894,0.3356,0.5894,True
CUS_0xab0e,Standard,Poor,0.4358,0.4162,0.148,0.4358,False
CUS_0xa453,Standard,Good,0.0004,0.0304,0.9692,0.9692,False
CUS_0xcda,Good,Good,0.002,0.0243,0.9737,0.9737,True
CUS_0xb0e5,Good,Good,0.0251,0.1255,0.8494,0.8494,True
CUS_0x61c8,Good,Good,0.0311,0.1949,0.774,0.774,True
CUS_0x9a1d,Standard,Standard,0.1875,0.8088,0.0037,0.8088,True
CUS_0x71de,Standard,Standard,0.1324,0.7839,0.0838,0.7839,True
CUS_0x75aa,Poor,Poor,0.8078,0.1914,0.0008,0.8078,True
CUS_0x18d8,Poor,Standard,0.0389,0.8798,0.0813,0.8798,False
CUS_0xb563,Standard,Standard,0.0771,0.5982,0.3247,0.5982,True
CUS_0x7bb,Good,Good,0.0007,0.054,0.9453,0.9453,True
CUS_0x13b0,Standard,Poor,0.6981,0.2971,0.0048,0.6981,False
CUS_0x2441,Poor,Poor,0.5989,0.3877,0.0134,0.5989,True
CUS_0xa962,Standard,Standard,0.3072,0.6911,0.0016,0.6911,True
CUS_0x169c,Standard,Good,0.0839,0.3804,0.5357,0.5357,False
CUS_0xc0a4,Good,Good,0.0058,0.11,0.8842,0.8842,True
CUS_0xc166,Standard,Standard,0.104,0.8603,0.0357,0.8603,True
CUS_0xc3a1,Poor,Poor,0.9016,0.0971,0.0013,0.9016,True
CUS_0x23a1,Standard,Standard,0.2426,0.5066,0.2507,0.5066,True
CUS_0x6579,Poor,Poor,0.7057,0.2929,0.0014,0.7057,True
CUS_0x6d7e,Standard,Standard,0.437,0.5599,0.0032,0.5599,True
CUS_0x8c76,Standard,Standard,0.0477,0.8834,0.0689,0.8834,True
CUS_0x3026,Poor,Poor,0.7797,0.2145,0.0059,0.7797,True
CUS_0x3b3b,Poor,Poor,0.8591,0.138,0.003,0.8591,True
CUS_0x5426,Poor,Poor,0.5916,0.3325,0.0759,0.5916,True
CUS_0x80dd,Standard,Standard,0.078,0.8249,0.0971,0.8249,True
CUS_0x8d91,Poor,Poor,0.6857,0.272,0.0423,0.6857,True
CUS_0x9ed9,Standard,Good,0.0453,0.0867,0.868,0.868,False
CUS_0x4db7,Poor,Poor,0.5795,0.417,0.0035,0.5795,True
CUS_0xbdf9,Poor,Standard,0.083,0.5236,0.3933,0.5236,False
CUS_0x7f72,Good,Good,0.0008,0.089,0.9102,0.9102,True
CUS_0x95d0,Good,Good,0.0012,0.038,0.9608,0.9608,True
CUS_0x9cd3,Standard,Standard,0.0423,0.8803,0.0774,0.8803,True
CUS_0x64c0,Poor,Poor,0.836,0.1637,0.0003,0.836,True
CUS_0x26fd,Good,Good,0.0317,0.1408,0.8275,0.8275,True
CUS_0x2ad4,Poor,Standard,0.1609,0.7272,0.1118,0.7272,False
CUS_0x4f4d,Poor,Poor,0.7235,0.2567,0.0198,0.7235,True
CUS_0xbb73,Standard,Standard,0.043,0.8897,0.0673,0.8897,True
CUS_0xac7e,Standard,Good,0.0736,0.3819,0.5444,0.5444,False
CUS_0x6c12,Standard,Standard,0.0391,0.9412,0.0197,0.9412,True
CUS_0x318c,Standard,Standard,0.1179,0.8356,0.0465,0.8356,True
CUS_0xa234,Good,Good,0.0402,0.3593,0.6005,0.6005,True
CUS_0xa584,Poor,Poor,0.9441,0.0555,0.0004,0.9441,True
CUS_0x3f37,Good,Good,0.0199,0.152,0.828,0.828,True
CUS_0x581b,Poor,Good,0.1955,0.266,0.5385,0.5385,False
CUS_0x6fd5,Poor,Poor,0.8733,0.1264,0.0003,0.8733,True
CUS_0x9154,Poor,Poor,0.8869,0.1121,0.001,0.8869,True
CUS_0x78a2,Poor,Poor,0.7542,0.2422,0.0036,0.7542,True
CUS_0xbe1b,Poor,Poor,0.7666,0.2308,0.0027,0.7666,True
CUS_0x2a85,Poor,Poor,0.8282,0.1678,0.004,0.8282,True
CUS_0x1b66,Standard,Standard,0.0565,0.9057,0.0378,0.9057,True
CUS_0xabff,Good,Good,0.2211,0.2791,0.4998,0.4998,True
CUS_0x2408,Poor,Poor,0.8013,0.197,0.0016,0.8013,True
CUS_0x47bb,Standard,Standard,0.4109,0.5552,0.0339,0.5552,True
CUS_0xc3cf,Standard,Standard,0.0582,0.8759,0.0659,0.8759,True
CUS_0x6f02,Poor,Poor,0.9243,0.0754,0.0003,0.9243,True
CUS_0x290d,Good,Standard,0.1607,0.7287,0.1106,0.7287,False
CUS_0x7ef7,Poor,Poor,0.6315,0.3329,0.0356,0.6315,True
CUS_0x5d09,Standard,Standard,0.0269,0.6353,0.3378,0.6353,True
CUS_0x76a6,Standard,Standard,0.0319,0.9117,0.0564,0.9117,True
CUS_0x8617,Poor,Standard,0.1957,0.79,0.0143,0.79,False
CUS_0x9586,Standard,Poor,0.727,0.2522,0.0208,0.727,False
CUS_0xab3a,Good,Good,0.0001,0.0351,0.9648,0.9648,True
CUS_0x609f,Standard,Standard,0.0733,0.8892,0.0375,0.8892,True
CUS_0xb728,Poor,Poor,0.8991,0.0989,0.002,0.8991,True
CUS_0xc192,Good,Good,0.1219,0.1454,0.7327,0.7327,True
CUS_0x7405,Standard,Standard,0.1299,0.8167,0.0534,0.8167,True
CUS_0xa00f,Standard,Standard,0.1441,0.7503,0.1056,0.7503,True
CUS_0xabc9,Good,Good,0.0008,0.0475,0.9517,0.9517,True
CUS_0x5d14,Standard,Poor,0.7397,0.2406,0.0196,0.7397,False
CUS_0x3f74,Good,Standard,0.1002,0.7421,0.1578,0.7421,False
CUS_0xbc1c,Standard,Poor,0.8362,0.1631,0.0007,0.8362,False
CUS_0xb00e,Good,Standard,0.2836,0.6745,0.0419,0.6745,False
CUS_0x48a8,Poor,Poor,0.838,0.1619,0.0001,0.838,True
CUS_0xadbd,Standard,Good,0.0662,0.394,0.5398,0.5398,False
CUS_0x30c6,Standard,Standard,0.3682,0.6313,0.0005,0.6313,True
CUS_0x2e5e,Standard,Standard,0.2038,0.5878,0.2084,0.5878,True
CUS_0xa250,Good,Standard,0.1506,0.4753,0.3741,0.4753,False
CUS_0x9aeb,Standard,Standard,0.0732,0.8407,0.0861,0.8407,True
CUS_0x1661,Poor,Poor,0.8812,0.1186,0.0002,0.8812,True
CUS_0x919a,Poor,Poor,0.6039,0.1397,0.2564,0.6039,True
CUS_0x66e0,Standard,Poor,0.8046,0.1946,0.0008,0.8046,False
CUS_0x7c4a,Poor,Standard,0.3425,0.6469,0.0106,0.6469,False
CUS_0xa05d,Standard,Standard,0.0003,0.8335,0.1661,0.8335,True
CUS_0x97b0,Good,Standard,0.0386,0.7506,0.2108,0.7506,False
CUS_0x7562,Poor,Standard,0.1543,0.7433,0.1024,0.7433,False
CUS_0x2f6c,Good,Good,0.0904,0.2344,0.6752,0.6752,True
CUS_0x6bd8,Good,Good,0.0015,0.1033,0.8952,0.8952,True
CUS_0x8f4,Standard,Standard,0.0333,0.8733,0.0934,0.8733,True
CUS_0x85c6,Standard,Standard,0.0211,0.9106,0.0682,0.9106,True
CUS_0x3059,Poor,Poor,0.7829,0.2168,0.0003,0.7829,True
CUS_0x6f62,Poor,Standard,0.1029,0.8506,0.0465,0.8506,False
CUS_0xc35c,Standard,Standard,0.0752,0.7331,0.1917,0.7331,True
CUS_0x136b,Poor,Standard,0.1144,0.8306,0.055,0.8306,False
CUS_0x718a,Poor,Poor,0.9093,0.0904,0.0003,0.9093,True
CUS_0xc47,Standard,Standard,0.0524,0.8069,0.1407,0.8069,True
CUS_0x8873,Standard,Standard,0.1965,0.7426,0.0609,0.7426,True
CUS_0x20a6,Good,Standard,0.4066,0.5838,0.0096,0.5838,False
CUS_0x88c,Standard,Standard,0.0205,0.9537,0.0259,0.9537,True
CUS_0x1cab,Poor,Poor,0.804,0.1887,0.0073,0.804,True
CUS_0x38b2,Poor,Poor,0.4887,0.3988,0.1125,0.4887,True
CUS_0x8ea5,Good,Good,0.0691,0.216,0.7149,0.7149,True
CUS_0x57c,Standard,Standard,0.3377,0.6308,0.0315,0.6308,True
CUS_0xab00,Poor,Good,0.2007,0.2192,0.5801,0.5801,False
CUS_0x9f5d,Standard,Standard,0.2581,0.713,0.0289,0.713,True
CUS_0xadf6,Standard,Standard,0.4205,0.4964,0.0831,0.4964,True
CUS_0xb4ca,Poor,Poor,0.5016,0.4429,0.0555,0.5016,True
CUS_0x988c,Standard,Standard,0.1031,0.7328,0.1641,0.7328,True
CUS_0x4ce8,Poor,Poor,0.6307,0.337,0.0324,0.6307,True
CUS_0x49d5,Poor,Poor,0.8286,0.1701,0.0013,0.8286,True
CUS_0xaf93,Poor,Poor,0.7309,0.1912,0.0779,0.7309,True
CUS_0x2d38,Standard,Standard,0.137,0.8124,0.0506,0.8124,True
CUS_0x13a8,Good,Good,0.0015,0.2635,0.735,0.735,True
CUS_0x7813,Standard,Poor,0.6321,0.3646,0.0033,0.6321,False
CUS_0xa26,Standard,Standard,0.0154,0.5762,0.4084,0.5762,True
CUS_0x4eef,Poor,Good,0.3269,0.1453,0.5278,0.5278,False
CUS_0x67cb,Standard,Standard,0.0394,0.9176,0.043,0.9176,True
CUS_0x1cc0,Good,Good,0.0697,0.2309,0.6995,0.6995,True
CUS_0x958f,Poor,Standard,0.3969,0.5546,0.0485,0.5546,False
CUS_0xd91,Good,Good,0.0838,0.3395,0.5768,0.5768,True
CUS_0xadf0,Standard,Good,0.0782,0.0917,0.8301,0.8301,False
CUS_0x6e2a,Poor,Poor,0.4672,0.0907,0.4421,0.4672,True
CUS_0xcfc,Standard,Good,0.1433,0.1913,0.6655,0.6655,False
CUS_0xba2a,Standard,Standard,0.089,0.5585,0.3525,0.5585,True
CUS_0x47b2,Standard,Standard,0.2407,0.6439,0.1154,0.6439,True
CUS_0xa2c5,Standard,Poor,0.7442,0.2542,0.0016,0.7442,False
CUS_0x3e79,Poor,Standard,0.3482,0.6416,0.0102,0.6416,False
CUS_0x4228,Good,Good,0.0304,0.1625,0.8071,0.8071,True
CUS_0x12cb,Poor,Poor,0.8616,0.1376,0.0009,0.8616,True
CUS_0xb4d3,Good,Good,0.0011,0.1115,0.8874,0.8874,True
CUS_0xad02,Good,Good,0.0439,0.214,0.7421,0.7421,True
CUS_0x60c8,Standard,Standard,0.0437,0.9128,0.0434,0.9128,True
CUS_0xba20,Poor,Good,0.2112,0.2219,0.5669,0.5669,False
CUS_0xb811,Standard,Good,0.0275,0.1954,0.7771,0.7771,False
CUS_0x7084,Good,Good,0.0516,0.4261,0.5223,0.5223,True
CUS_0x2e97,Standard,Standard,0.1149,0.6845,0.2006,0.6845,True
CUS_0x4ad7,Poor,Standard,0.2812,0.5828,0.136,0.5828,False
CUS_0x6689,Standard,Standard,0.36,0.6245,0.0155,0.6245,True
CUS_0x7f50,Standard,Standard,0.1128,0.8553,0.0319,0.8553,True
CUS_0x65c6,Poor,Poor,0.5913,0.3352,0.0735,0.5913,True
CUS_0xc62a,Poor,Poor,0.7842,0.1702,0.0457,0.7842,True
CUS_0xa574,Poor,Poor,0.9039,0.0949,0.0012,0.9039,True
CUS_0x3124,Good,Good,0.0736,0.3425,0.5839,0.5839,True
CUS_0x35a4,Standard,Poor,0.891,0.1084,0.0005,0.891,False
CUS_0x416d,Good,Good,0.0896,0.1838,0.7265,0.7265,True
CUS_0x7cc7,Standard,Standard,0.0417,0.9411,0.0172,0.9411,True
CUS_0x84a9,Good,Good,0.0799,0.1049,0.8153,0.8153,True
CUS_0x1440,Standard,Standard,0.4878,0.4935,0.0187,0.4935,True
CUS_0xb09,Standard,Poor,0.3407,0.32,0.3393,0.3407,False
CUS_0x5d1a,Standard,Standard,0.0316,0.6615,0.3069,0.6615,True
CUS_0x6c2a,Standard,Standard,0.0978,0.8391,0.063,0.8391,True
CUS_0x4f04,Good,Good,0.0458,0.0737,0.8805,0.8805,True
CUS_0x2659,Poor,Poor,0.7561,0.2433,0.0006,0.7561,True
CUS_0x59cd,Standard,Poor,0.7372,0.2527,0.0101,0.7372,False
CUS_0x437c,Standard,Poor,0.8627,0.1297,0.0076,0.8627,False
CUS_0xbd95,Standard,Standard,0.4797,0.4944,0.0259,0.4944,True
CUS_0x553,Standard,Poor,0.5359,0.4581,0.006,0.5359,False
CUS_0x440a,Good,Good,0.1843,0.1255,0.6902,0.6902,True
CUS_0xac16,Standard,Standard,0.2684,0.5181,0.2135,0.5181,True
CUS_0x319d,Standard,Poor,0.7246,0.2749,0.0006,0.7246,False
CUS_0x8197,Good,Good,0.0352,0.4126,0.5523,0.5523,True
CUS_0x47e,Standard,Good,0.2307,0.3149,0.4545,0.4545,False
CUS_0x20e5,Standard,Good,0.0006,0.084,0.9154,0.9154,False
CUS_0x1367,Poor,Good,0.3267,0.1058,0.5675,0.5675,False
CUS_0x2508,Poor,Poor,0.6068,0.3821,0.0111,0.6068,True
CUS_0xc574,Standard,Standard,0.055,0.8569,0.088,0.8569,True
CUS_0x7d2c,Poor,Standard,0.4033,0.5628,0.0339,0.5628,False
CUS_0x9c22,Standard,Standard,0.0846,0.8991,0.0164,0.8991,True
CUS_0x8672,Poor,Standard,0.1306,0.841,0.0284,0.841,False
CUS_0x7dd,Standard,Standard,0.1034,0.7102,0.1863,0.7102,True
CUS_0x59a5,Standard,Standard,0.4051,0.5894,0.0055,0.5894,True
CUS_0xbace,Standard,Standard,0.104,0.8521,0.0439,0.8521,True
CUS_0x6cf5,Standard,Standard,0.3228,0.6444,0.0328,0.6444,True
CUS_0x1bbb,Standard,Standard,0.0299,0.9523,0.0178,0.9523,True
CUS_0x717a,Good,Good,0.0021,0.0812,0.9166,0.9166,True
CUS_0x9eec,Standard,Standard,0.1333,0.4684,0.3983,0.4684,True
CUS_0x42ec,Good,Standard,0.0679,0.4948,0.4373,0.4948,False
CUS_0x96da,Good,Good,0.0692,0.3727,0.5581,0.5581,True
CUS_0x53cc,Standard,Standard,0.2848,0.5134,0.2018,0.5134,True
CUS_0x9b35,Good,Good,0.0246,0.3118,0.6635,0.6635,True
CUS_0xb5fd,Standard,Standard,0.0425,0.9344,0.0232,0.9344,True
CUS_0x8a12,Standard,Standard,0.1829,0.722,0.0952,0.722,True
CUS_0x909d,Poor,Poor,0.7019,0.2968,0.0013,0.7019,True
CUS_0xbe89,Good,Good,0.0314,0.3673,0.6013,0.6013,True
CUS_0xbd5e,Good,Good,0.0242,0.1729,0.8029,0.8029,True
CUS_0x3925,Standard,Standard,0.03,0.8666,0.1034,0.8666,True
CUS_0x3ef5,Poor,Poor,0.6609,0.3317,0.0074,0.6609,True
CUS_0xa780,Standard,Good,0.3178,0.1962,0.486,0.486,False
CUS_0x6960,Standard,Good,0.1408,0.3597,0.4995,0.4995,False
CUS_0x279f,Poor,Standard,0.3406,0.6328,0.0266,0.6328,False
CUS_0x8ac4,Poor,Poor,0.9264,0.0734,0.0002,0.9264,True
CUS_0x4e8b,Standard,Standard,0.1765,0.7988,0.0247,0.7988,True
CUS_0x4379,Standard,Standard,0.0641,0.8976,0.0383,0.8976,True
CUS_0x4fb8,Poor,Poor,0.9037,0.0955,0.0008,0.9037,True
CUS_0x166c,Poor,Poor,0.9204,0.0792,0.0004,0.9204,True
CUS_0x3cf1,Poor,Poor,0.7372,0.2612,0.0016,0.7372,True
CUS_0x9eba,Standard,Standard,0.1337,0.8014,0.0649,0.8014,True
CUS_0xac7c,Poor,Standard,0.0749,0.877,0.048,0.877,False
CUS_0x6ced,Poor,Poor,0.9094,0.0904,0.0002,0.9094,True
CUS_0x2da2,Standard,Standard,0.3239,0.6722,0.0039,0.6722,True
CUS_0xb736,Standard,Standard,0.1015,0.7271,0.1714,0.7271,True
CUS_0xb648,Standard,Standard,0.1225,0.8477,0.0298,0.8477,True
CUS_0x22f8,Good,Good,0.0212,0.159,0.8198,0.8198,True
CUS_0x9d64,Standard,Standard,0.0032,0.6329,0.3639,0.6329,True
CUS_0x5105,Good,Good,0.0134,0.0787,0.9079,0.9079,True
CUS_0xb2b6,Poor,Poor,0.732,0.1379,0.1301,0.732,True
CUS_0x4daf,Good,Good,0.0171,0.0855,0.8974,0.8974,True
CUS_0xad2c,Standard,Standard,0.292,0.706,0.002,0.706,True
CUS_0x8ee3,Good,Good,0.0008,0.4348,0.5643,0.5643,True
CUS_0x6980,Poor,Poor,0.7162,0.2805,0.0033,0.7162,True
CUS_0x5b60,Standard,Standard,0.3956,0.5957,0.0087,0.5957,True
CUS_0xc52a,Poor,Poor,0.9346,0.0652,0.0002,0.9346,True
CUS_0x1038,Good,Good,0.0108,0.1451,0.844,0.844,True
CUS_0x74c7,Good,Good,0.0011,0.1838,0.8152,0.8152,True
CUS_0x98f1,Poor,Poor,0.6137,0.2875,0.0988,0.6137,True
CUS_0x82ff,Standard,Standard,0.3112,0.5588,0.13,0.5588,True
CUS_0xc5f3,Standard,Poor,0.8612,0.1386,0.0003,0.8612,False
CUS_0x1c2a,Standard,Standard,0.1206,0.872,0.0075,0.872,True
CUS_0x144d,Standard,Poor,0.8093,0.1888,0.002,0.8093,False
CUS_0x9e28,Poor,Poor,0.7108,0.273,0.0162,0.7108,True
CUS_0xb678,Good,Poor,0.7147,0.2727,0.0126,0.7147,False
CUS_0x487b,Poor,Poor,0.8635,0.1314,0.005,0.8635,True
CUS_0xba97,Standard,Poor,0.8664,0.1293,0.0043,0.8664,False
CUS_0x42bc,Standard,Standard,0.1197,0.8199,0.0604,0.8199,True
CUS_0x4eea,Standard,Poor,0.3556,0.3513,0.2931,0.3556,False
CUS_0x78eb,Standard,Good,0.0845,0.2887,0.6268,0.6268,False
CUS_0xa6e4,Poor,Poor,0.8776,0.122,0.0004,0.8776,True
CUS_0x90e7,Standard,Standard,0.3227,0.6684,0.0089,0.6684,True
CUS_0x4b82,Standard,Standard,0.0329,0.8997,0.0674,0.8997,True
CUS_0xa6a,Standard,Poor,0.5892,0.3983,0.0126,0.5892,False
CUS_0x7558,Standard,Good,0.0324,0.3661,0.6016,0.6016,False
CUS_0xabbd,Poor,Poor,0.7997,0.1971,0.0033,0.7997,True
CUS_0x6d54,Standard,Standard,0.2196,0.6995,0.0809,0.6995,True
CUS_0x4354,Standard,Good,0.176,0.3524,0.4716,0.4716,False
CUS_0x4052,Good,Good,0.3258,0.1478,0.5264,0.5264,True
CUS_0x74f5,Good,Good,0.0292,0.2572,0.7136,0.7136,True
CUS_0xb699,Standard,Standard,0.1872,0.7927,0.0201,0.7927,True
CUS_0xc2c5,Standard,Standard,0.4701,0.5105,0.0194,0.5105,True
CUS_0x733c,Poor,Poor,0.6609,0.2687,0.0704,0.6609,True
CUS_0x5eef,Standard,Standard,0.0371,0.897,0.0659,0.897,True
CUS_0x4605,Good,Good,0.0003,0.056,0.9437,0.9437,True
CUS_0x7d8,Standard,Poor,0.8524,0.1472,0.0004,0.8524,False
CUS_0x37af,Good,Good,0.0005,0.0452,0.9543,0.9543,True
CUS_0x8f34,Standard,Standard,0.0485,0.8573,0.0942,0.8573,True
CUS_0xa407,Standard,Standard,0.1848,0.7436,0.0716,0.7436,True
CUS_0x5be7,Good,Standard,0.0302,0.6969,0.2729,0.6969,False
CUS_0x5c2d,Standard,Standard,0.2293,0.4512,0.3196,0.4512,True
CUS_0x296f,Poor,Poor,0.7174,0.1291,0.1535,0.7174,True
CUS_0x106f,Good,Good,0.0196,0.12,0.8604,0.8604,True
CUS_0x2e98,Good,Good,0.0758,0.1111,0.8131,0.8131,True
CUS_0xa3f,Poor,Poor,0.8599,0.1394,0.0007,0.8599,True
CUS_0x5155,Poor,Poor,0.7077,0.2817,0.0106,0.7077,True
CUS_0xbd09,Standard,Standard,0.0401,0.8027,0.1572,0.8027,True
CUS_0x9ddd,Standard,Standard,0.1084,0.8333,0.0583,0.8333,True
CUS_0x5413,Poor,Poor,0.5008,0.2952,0.204,0.5008,True
CUS_0x4e5c,Good,Good,0.1155,0.1326,0.7519,0.7519,True
CUS_0x1f88,Standard,Poor,0.8426,0.1557,0.0017,0.8426,False
CUS_0x6079,Poor,Poor,0.8534,0.1459,0.0008,0.8534,True
CUS_0x457b,Poor,Poor,0.9097,0.0877,0.0026,0.9097,True
CUS_0x32b1,Standard,Poor,0.7391,0.2596,0.0012,0.7391,False
CUS_0x3fe1,Poor,Poor,0.5243,0.4734,0.0023,0.5243,True
CUS_0x966b,Standard,Standard,0.0976,0.8552,0.0472,0.8552,True
CUS_0x5bb7,Good,Good,0.0005,0.0145,0.985,0.985,True
CUS_0xa2a8,Poor,Poor,0.7733,0.2254,0.0013,0.7733,True
CUS_0x165e,Standard,Poor,0.7208,0.2734,0.0058,0.7208,False
CUS_0xaab3,Poor,Poor,0.7024,0.2465,0.0511,0.7024,True
CUS_0x8a0e,Poor,Standard,0.1209,0.7416,0.1376,0.7416,False
CUS_0xb85c,Poor,Poor,0.8591,0.1388,0.002,0.8591,True
CUS_0xbfa7,Good,Standard,0.1023,0.7803,0.1174,0.7803,False
CUS_0x9215,Good,Good,0.2098,0.2141,0.5761,0.5761,True
CUS_0x15b7,Poor,Poor,0.841,0.1587,0.0003,0.841,True
CUS_0xc57e,Standard,Good,0.0297,0.3198,0.6505,0.6505,False
CUS_0x9b4c,Standard,Standard,0.3932,0.6044,0.0023,0.6044,True
CUS_0x243a,Good,Good,0.06,0.2773,0.6627,0.6627,True
CUS_0x43c5,Standard,Poor,0.5756,0.4216,0.0028,0.5756,False
CUS_0x7789,Good,Good,0.0279,0.0965,0.8756,0.8756,True
CUS_0x4a3f,Good,Good,0.0557,0.2009,0.7434,0.7434,True
CUS_0xf55,Poor,Poor,0.9189,0.0775,0.0036,0.9189,True
CUS_0x8f4f,Poor,Poor,0.9414,0.0516,0.007,0.9414,True
CUS_0x911e,Standard,Good,0.0014,0.111,0.8876,0.8876,False
CUS_0x913e,Good,Good,0.0341,0.342,0.6239,0.6239,True
CUS_0xb107,Standard,Good,0.0008,0.0799,0.9193,0.9193,False
CUS_0x7292,Good,Good,0.0008,0.0957,0.9035,0.9035,True
CUS_0x7874,Poor,Poor,0.7999,0.1997,0.0005,0.7999,True
CUS_0x6324,Standard,Good,0.1826,0.3364,0.481,0.481,False
CUS_0x91ac,Poor,Poor,0.5573,0.4377,0.0051,0.5573,True
CUS_0xb3a,Poor,Standard,0.3253,0.6443,0.0304,0.6443,False
CUS_0x53f4,Standard,Standard,0.3009,0.6901,0.009,0.6901,True
CUS_0x6574,Poor,Poor,0.7624,0.2356,0.002,0.7624,True
CUS_0x1f4a,Standard,Good,0.3516,0.2845,0.3638,0.3638,False
CUS_0x91f6,Standard,Standard,0.1,0.8477,0.0523,0.8477,True
CUS_0x92b9,Poor,Poor,0.8891,0.1106,0.0004,0.8891,True
CUS_0x62e9,Poor,Poor,0.913,0.0699,0.0172,0.913,True
CUS_0x1dc2,Poor,Poor,0.7709,0.2287,0.0004,0.7709,True
CUS_0x228d,Standard,Standard,0.0854,0.8145,0.1001,0.8145,True
CUS_0x4b2e,Standard,Good,0.0168,0.07,0.9133,0.9133,False
CUS_0xa024,Standard,Good,0.0333,0.1108,0.8558,0.8558,False
CUS_0x8e4e,Standard,Standard,0.0292,0.8859,0.085,0.8859,True
CUS_0x4aa5,Poor,Standard,0.3644,0.606,0.0297,0.606,False
CUS_0x4c6c,Good,Good,0.0456,0.0826,0.8718,0.8718,True
CUS_0x4aad,Poor,Poor,0.8117,0.1877,0.0006,0.8117,True
CUS_0x603b,Poor,Standard,0.0712,0.8932,0.0356,0.8932,False
CUS_0x3060,Standard,Standard,0.2005,0.7662,0.0333,0.7662,True
CUS_0xa987,Standard,Standard,0.0461,0.7778,0.1761,0.7778,True
CUS_0x5578,Standard,Poor,0.5953,0.3608,0.0439,0.5953,False
CUS_0xffd,Good,Standard,0.2251,0.586,0.1888,0.586,False
CUS_0x28df,Poor,Poor,0.8738,0.1258,0.0004,0.8738,True
CUS_0x8593,Standard,Standard,0.015,0.5635,0.4215,0.5635,True
CUS_0x2087,Good,Good,0.05,0.1347,0.8153,0.8153,True
CUS_0x4abb,Standard,Standard,0.2151,0.7097,0.0752,0.7097,True
CUS_0x46d,Standard,Good,0.0313,0.4752,0.4934,0.4934,False
CUS_0xab26,Standard,Good,0.0338,0.3702,0.596,0.596,False
CUS_0x7e3a,Standard,Good,0.0008,0.127,0.8722,0.8722,False
CUS_0x1290,Good,Good,0.0157,0.0834,0.9009,0.9009,True
CUS_0x8600,Standard,Standard,0.3554,0.6331,0.0115,0.6331,True
CUS_0x87a4,Standard,Standard,0.083,0.8069,0.1101,0.8069,True
CUS_0xc8c,Standard,Standard,0.0298,0.8844,0.0858,0.8844,True
CUS_0x9a58,Good,Good,0.0932,0.2103,0.6965,0.6965,True
CUS_0x8376,Good,Standard,0.0478,0.5873,0.3649,0.5873,False
CUS_0x3a99,Good,Good,0.0276,0.1232,0.8491,0.8491,True
CUS_0xa47,Poor,Good,0.322,0.1496,0.5284,0.5284,False
CUS_0x8d7e,Good,Good,0.0383,0.1415,0.8202,0.8202,True
CUS_0xb7d9,Standard,Standard,0.0647,0.8758,0.0596,0.8758,True
CUS_0x6478,Standard,Poor,0.6518,0.3052,0.0429,0.6518,False
CUS_0x9386,Standard,Poor,0.833,0.1668,0.0002,0.833,False
CUS_0x2f02,Good,Good,0.0417,0.1071,0.8512,0.8512,True
CUS_0xa4b7,Standard,Good,0.0901,0.3839,0.526,0.526,False
CUS_0xba18,Standard,Poor,0.8703,0.1272,0.0025,0.8703,False
CUS_0x5e78,Good,Good,0.0597,0.2061,0.7343,0.7343,True
CUS_0xaef2,Poor,Poor,0.8613,0.1379,0.0008,0.8613,True
CUS_0x57f3,Standard,Standard,0.2906,0.6851,0.0244,0.6851,True
CUS_0x4f44,Standard,Standard,0.0901,0.8883,0.0216,0.8883,True
CUS_0xb499,Standard,Standard,0.1157,0.8195,0.0648,0.8195,True
CUS_0x73cf,Poor,Poor,0.4588,0.2524,0.2888,0.4588,True
CUS_0x7551,Standard,Poor,0.6406,0.3592,0.0002,0.6406,False
CUS_0x8a45,Poor,Poor,0.88,0.1187,0.0013,0.88,True
CUS_0x99a,Poor,Poor,0.6452,0.3414,0.0134,0.6452,True
CUS_0x44e,Standard,Standard,0.0226,0.5608,0.4166,0.5608,True
CUS_0xb8b,Standard,Standard,0.0842,0.8373,0.0784,0.8373,True
CUS_0x5a53,Standard,Standard,0.0462,0.8831,0.0706,0.8831,True
CUS_0x305c,Standard,Standard,0.1602,0.8214,0.0184,0.8214,True
CUS_0x30ab,Standard,Standard,0.1249,0.7885,0.0866,0.7885,True
CUS_0x1ad3,Standard,Poor,0.6341,0.3531,0.0128,0.6341,False
CUS_0xc2e8,Poor,Poor,0.7794,0.2163,0.0043,0.7794,True
CUS_0x994c,Good,Good,0.0403,0.3908,0.5689,0.5689,True
CUS_0x5c53,Poor,Poor,0.8848,0.1125,0.0027,0.8848,True
CUS_0xbe9a,Standard,Good,0.0006,0.0592,0.9403,0.9403,False
CUS_0x103e,Standard,Good,0.0286,0.2788,0.6926,0.6926,False
CUS_0xa6bd,Standard,Standard,0.1148,0.845,0.0402,0.845,True
CUS_0x139b,Good,Good,0.0253,0.2383,0.7364,0.7364,True
CUS_0x5585,Standard,Standard,0.0501,0.5202,0.4297,0.5202,True
CUS_0x5721,Standard,Poor,0.6339,0.3613,0.0048,0.6339,False
CUS_0x8e2,Standard,Standard,0.0708,0.902,0.0273,0.902,True
CUS_0x3aa7,Poor,Standard,0.2492,0.3873,0.3634,0.3873,False
CUS_0xb89c,Good,Good,0.0192,0.0608,0.92,0.92,True
CUS_0x6a4d,Standard,Poor,0.8289,0.1693,0.0017,0.8289,False
CUS_0xbb55,Poor,Poor,0.9231,0.0763,0.0005,0.9231,True
CUS_0x6877,Standard,Good,0.0622,0.2386,0.6992,0.6992,False
CUS_0x9d10,Good,Good,0.0116,0.103,0.8854,0.8854,True
CUS_0x2f0b,Poor,Poor,0.6787,0.2097,0.1115,0.6787,True
CUS_0xa861,Standard,Standard,0.0345,0.8641,0.1014,0.8641,True
CUS_0x8df0,Poor,Poor,0.9128,0.087,0.0002,0.9128,True
CUS_0x2c08,Poor,Standard,0.0563,0.8712,0.0725,0.8712,False
CUS_0x99f7,Good,Good,0.0783,0.1336,0.7881,0.7881,True
CUS_0x4f31,Good,Good,0.0195,0.3278,0.6526,0.6526,True
CUS_0x5b02,Good,Good,0.015,0.0937,0.8913,0.8913,True
CUS_0x3a03,Good,Good,0.0079,0.1953,0.7968,0.7968,True
CUS_0x2a52,Good,Good,0.0435,0.1606,0.7959,0.7959,True
CUS_0x67bb,Good,Good,0.0543,0.297,0.6487,0.6487,True
CUS_0xc131,Poor,Poor,0.7644,0.228,0.0077,0.7644,True
CUS_0x8a4b,Standard,Standard,0.0533,0.6641,0.2826,0.6641,True
CUS_0x5764,Poor,Poor,0.6879,0.3096,0.0025,0.6879,True
CUS_0x6f84,Standard,Poor,0.8974,0.1017,0.0009,0.8974,False
CUS_0x3187,Standard,Standard,0.3178,0.6297,0.0525,0.6297,True
CUS_0xdef,Standard,Standard,0.0297,0.7533,0.217,0.7533,True
CUS_0x54b,Poor,Poor,0.7941,0.1987,0.0073,0.7941,True
CUS_0x457e,Standard,Standard,0.0279,0.953,0.0191,0.953,True
CUS_0x6ce,Standard,Good,0.0907,0.3278,0.5815,0.5815,False
CUS_0x6d71,Poor,Good,0.0923,0.3182,0.5895,0.5895,False
CUS_0x7ec9,Good,Good,0.0389,0.1738,0.7873,0.7873,True
CUS_0xbb21,Standard,Poor,0.7785,0.2195,0.002,0.7785,False
CUS_0x411a,Poor,Good,0.2154,0.3904,0.3942,0.3942,False
CUS_0x8d7,Standard,Standard,0.087,0.8905,0.0225,0.8905,True
CUS_0x837f,Standard,Standard,0.138,0.8439,0.0181,0.8439,True
CUS_0x925e,Standard,Good,0.0782,0.358,0.5638,0.5638,False
CUS_0x3ec7,Poor,Poor,0.4645,0.3313,0.2042,0.4645,True
CUS_0x3383,Good,Good,0.0643,0.2725,0.6632,0.6632,True
CUS_0xac41,Poor,Poor,0.8513,0.1485,0.0002,0.8513,True
CUS_0xa94f,Good,Good,0.001,0.1052,0.8938,0.8938,True
CUS_0x6d17,Standard,Standard,0.0425,0.8622,0.0953,0.8622,True
CUS_0x466a,Standard,Good,0.1418,0.3172,0.541,0.541,False
CUS_0xa267,Good,Good,0.0203,0.2547,0.725,0.725,True
CUS_0x436f,Standard,Good,0.0875,0.2926,0.6199,0.6199,False
CUS_0x28a6,Poor,Poor,0.4775,0.2582,0.2643,0.4775,True
CUS_0xb2b5,Standard,Standard,0.1741,0.7822,0.0437,0.7822,True
CUS_0xb3f2,Standard,Standard,0.033,0.8898,0.0772,0.8898,True
CUS_0x1207,Poor,Poor,0.8981,0.1017,0.0002,0.8981,True
CUS_0xa31,Good,Standard,0.1153,0.8362,0.0485,0.8362,False
CUS_0xa9bb,Poor,Standard,0.1818,0.7469,0.0713,0.7469,False
CUS_0x5e3c,Poor,Poor,0.5806,0.314,0.1054,0.5806,True
CUS_0x6e2b,Standard,Poor,0.5103,0.4198,0.0699,0.5103,False
CUS_0xb436,Poor,Poor,0.7174,0.2797,0.003,0.7174,True
CUS_0x52e5,Standard,Standard,0.0022,0.9801,0.0177,0.9801,True
CUS_0x7765,Good,Good,0.1144,0.1957,0.6899,0.6899,True
CUS_0xb734,Standard,Poor,0.4143,0.4028,0.1829,0.4143,False
CUS_0x56d7,Standard,Standard,0.3519,0.6247,0.0234,0.6247,True
CUS_0x30ee,Standard,Standard,0.0482,0.8702,0.0816,0.8702,True
CUS_0x5e84,Poor,Standard,0.4931,0.5025,0.0044,0.5025,False
CUS_0x6a7,Standard,Standard,0.0871,0.8728,0.0401,0.8728,True
CUS_0xb11c,Poor,Poor,0.5669,0.4272,0.0059,0.5669,True
CUS_0xc2a1,Poor,Poor,0.7963,0.1966,0.0072,0.7963,True
CUS_0x67dc,Good,Good,0.0007,0.2636,0.7357,0.7357,True
CUS_0x6503,Standard,Standard,0.1251,0.7755,0.0993,0.7755,True
CUS_0x8d3,Standard,Poor,0.6494,0.3447,0.0059,0.6494,False
CUS_0xb7e2,Good,Good,0.0019,0.2782,0.7199,0.7199,True
CUS_0x5aeb,Poor,Poor,0.8178,0.1818,0.0004,0.8178,True
CUS_0x2d02,Standard,Standard,0.1606,0.5954,0.244,0.5954,True
CUS_0x13de,Standard,Standard,0.2035,0.7599,0.0365,0.7599,True
CUS_0x9998,Poor,Poor,0.4449,0.4245,0.1306,0.4449,True
CUS_0x57f0,Good,Good,0.0322,0.1228,0.845,0.845,True
CUS_0x8d2b,Poor,Good,0.2185,0.2252,0.5563,0.5563,False
CUS_0x7a24,Standard,Standard,0.044,0.9179,0.038,0.9179,True
CUS_0x6829,Standard,Standard,0.0449,0.9405,0.0146,0.9405,True
CUS_0x33b8,Poor,Poor,0.9109,0.0889,0.0002,0.9109,True
CUS_0x4304,Good,Good,0.1827,0.1482,0.6691,0.6691,True
CUS_0x5a0f,Standard,Standard,0.3509,0.6476,0.0015,0.6476,True
CUS_0x7e0f,Good,Standard,0.0014,0.571,0.4276,0.571,False
CUS_0x65e9,Standard,Standard,0.0218,0.6827,0.2955,0.6827,True
CUS_0xa0eb,Poor,Poor,0.9527,0.0472,0.0001,0.9527,True
CUS_0x4d25,Good,Good,0.0752,0.1721,0.7526,0.7526,True
CUS_0xa224,Poor,Poor,0.8987,0.0983,0.003,0.8987,True
CUS_0x90b2,Standard,Standard,0.1151,0.8781,0.0068,0.8781,True
CUS_0x8ebd,Standard,Poor,0.7149,0.2819,0.0031,0.7149,False
CUS_0x724a,Standard,Standard,0.0659,0.9016,0.0325,0.9016,True
CUS_0x1d85,Standard,Standard,0.216,0.7502,0.0337,0.7502,True
CUS_0x4969,Standard,Good,0.0498,0.2806,0.6696,0.6696,False
CUS_0x57c9,Standard,Standard,0.0284,0.9352,0.0364,0.9352,True
CUS_0xb443,Standard,Good,0.0659,0.227,0.7071,0.7071,False
CUS_0xb5a8,Poor,Standard,0.2109,0.6464,0.1427,0.6464,False
CUS_0x44b8,Standard,Standard,0.0161,0.9616,0.0223,0.9616,True
CUS_0xc19f,Standard,Standard,0.4424,0.5506,0.0069,0.5506,True
CUS_0x2d52,Poor,Poor,0.7118,0.2732,0.015,0.7118,True
CUS_0x412a,Standard,Good,0.022,0.3446,0.6333,0.6333,False
CUS_0xbbf7,Good,Standard,0.0263,0.6273,0.3464,0.6273,False
CUS_0x7a0a,Standard,Standard,0.0699,0.8947,0.0354,0.8947,True
CUS_0x23ae,Poor,Poor,0.7301,0.2657,0.0042,0.7301,True
CUS_0x7c12,Standard,Standard,0.0116,0.7516,0.2368,0.7516,True
CUS_0x94e9,Poor,Poor,0.7973,0.1962,0.0065,0.7973,True
CUS_0xa300,Standard,Good,0.0025,0.323,0.6745,0.6745,False
CUS_0x229d,Standard,Poor,0.6835,0.3161,0.0004,0.6835,False
CUS_0x74f9,Standard,Good,0.0756,0.2596,0.6647,0.6647,False
CUS_0x792d,Standard,Standard,0.1035,0.8461,0.0504,0.8461,True
CUS_0xc39d,Standard,Standard,0.1029,0.5645,0.3326,0.5645,True
CUS_0x2bf7,Standard,Standard,0.1477,0.459,0.3933,0.459,True
CUS_0xafc0,Good,Good,0.0037,0.2299,0.7664,0.7664,True
CUS_0xc3d8,Standard,Good,0.0859,0.3824,0.5317,0.5317,False
CUS_0x95d,Good,Good,0.0927,0.0689,0.8384,0.8384,True
CUS_0xb936,Poor,Poor,0.6448,0.3086,0.0466,0.6448,True
CUS_0x8b44,Poor,Poor,0.8729,0.1267,0.0004,0.8729,True
CUS_0x6ae7,Poor,Standard,0.1492,0.5691,0.2817,0.5691,False
CUS_0x1b9c,Good,Good,0.0527,0.1002,0.8471,0.8471,True
CUS_0x95b5,Standard,Standard,0.0804,0.9102,0.0095,0.9102,True
CUS_0xfea,Good,Good,0.1122,0.371,0.5168,0.5168,True
CUS_0x4972,Standard,Standard,0.481,0.5139,0.0051,0.5139,True
CUS_0x7faf,Standard,Standard,0.0426,0.8934,0.064,0.8934,True
CUS_0xb4bc,Standard,Poor,0.795,0.2028,0.0022,0.795,False
CUS_0x436c,Poor,Poor,0.428,0.245,0.327,0.428,True
CUS_0x5c68,Standard,Good,0.1776,0.2873,0.5352,0.5352,False
CUS_0x9d9a,Good,Good,0.0348,0.1904,0.7749,0.7749,True
CUS_0x1dbb,Poor,Poor,0.9647,0.0346,0.0007,0.9647,True
CUS_0x7d6,Standard,Poor,0.9551,0.0447,0.0003,0.9551,False
CUS_0xadad,Good,Good,0.0006,0.0825,0.9169,0.9169,True
CUS_0xb276,Good,Good,0.0019,0.1971,0.801,0.801,True
CUS_0x2d8c,Standard,Standard,0.2438,0.7403,0.016,0.7403,True
CUS_0x3539,Good,Good,0.048,0.2731,0.6789,0.6789,True
CUS_0x67e4,Standard,Standard,0.0586,0.9112,0.0302,0.9112,True
CUS_0x49b0,Poor,Poor,0.9615,0.0384,0.0001,0.9615,True
CUS_0xa7ab,Standard,Standard,0.3275,0.6623,0.0102,0.6623,True
CUS_0x41e5,Standard,Standard,0.3204,0.6754,0.0042,0.6754,True
CUS_0x5bec,Poor,Poor,0.79,0.2091,0.0009,0.79,True
CUS_0x4dd5,Poor,Poor,0.6996,0.2946,0.0057,0.6996,True
CUS_0x85f1,Standard,Standard,0.0439,0.9306,0.0255,0.9306,True
CUS_0xb517,Good,Good,0.0023,0.0513,0.9464,0.9464,True
CUS_0xa05,Standard,Poor,0.7119,0.2568,0.0313,0.7119,False
CUS_0x2916,Standard,Standard,0.0319,0.9184,0.0497,0.9184,True
CUS_0x4021,Standard,Good,0.1044,0.3306,0.565,0.565,False
CUS_0xb967,Standard,Good,0.0868,0.3379,0.5753,0.5753,False
CUS_0x5a58,Poor,Poor,0.8519,0.0708,0.0773,0.8519,True
CUS_0x34b6,Standard,Poor,0.9145,0.0851,0.0004,0.9145,False
CUS_0x5c40,Standard,Standard,0.1504,0.8269,0.0227,0.8269,True
CUS_0x8d9,Standard,Standard,0.4171,0.558,0.0249,0.558,True
CUS_0x1431,Poor,Standard,0.1808,0.7431,0.0761,0.7431,False
CUS_0xbcdf,Standard,Good,0.0946,0.0937,0.8117,0.8117,False
CUS_0xafe1,Good,Good,0.0447,0.1711,0.7842,0.7842,True
CUS_0x7468,Poor,Good,0.2658,0.3007,0.4334,0.4334,False
CUS_0x887f,Good,Good,0.0006,0.0844,0.915,0.915,True
CUS_0x79bc,Poor,Poor,0.6966,0.2965,0.0069,0.6966,True
CUS_0x9778,Standard,Good,0.0447,0.1149,0.8404,0.8404,False
CUS_0x2cae,Good,Good,0.0411,0.2146,0.7443,0.7443,True
CUS_0x14f4,Standard,Standard,0.0732,0.6046,0.3222,0.6046,True
CUS_0x91f,Standard,Standard,0.0278,0.5033,0.4689,0.5033,True
CUS_0x5fd2,Standard,Good,0.0372,0.3708,0.592,0.592,False
CUS_0x23ad,Standard,Poor,0.5857,0.2004,0.2139,0.5857,False
CUS_0x3d10,Standard,Poor,0.9185,0.0806,0.0009,0.9185,False
CUS_0xad7d,Standard,Standard,0.1264,0.8596,0.014,0.8596,True
CUS_0x6cd9,Good,Good,0.0012,0.0746,0.9242,0.9242,True
CUS_0x2c94,Standard,Standard,0.0167,0.6952,0.2881,0.6952,True
CUS_0x5fde,Standard,Standard,0.0496,0.7963,0.1541,0.7963,True
CUS_0x95b6,Good,Good,0.2183,0.2028,0.5789,0.5789,True
CUS_0x1a5c,Standard,Standard,0.0597,0.9297,0.0106,0.9297,True
CUS_0x99b,Standard,Standard,0.1743,0.8144,0.0113,0.8144,True
CUS_0x348a,Standard,Good,0.0005,0.1478,0.8517,0.8517,False
CUS_0x49fe,Poor,Poor,0.9031,0.0967,0.0002,0.9031,True
CUS_0x272a,Standard,Standard,0.0289,0.8739,0.0972,0.8739,True
CUS_0x3bad,Good,Standard,0.0941,0.8653,0.0407,0.8653,False
CUS_0x1833,Standard,Standard,0.0545,0.8186,0.1269,0.8186,True
CUS_0x406e,Good,Standard,0.08,0.5805,0.3394,0.5805,False
CUS_0xbbfc,Standard,Standard,0.1659,0.8147,0.0194,0.8147,True
CUS_0xbb1b,Standard,Standard,0.0103,0.9789,0.0108,0.9789,True
CUS_0x853c,Good,Standard,0.0667,0.8227,0.1106,0.8227,False
CUS_0xc063,Good,Standard,0.1629,0.8246,0.0125,0.8246,False
CUS_0xb6b,Good,Good,0.0665,0.4273,0.5062,0.5062,True
CUS_0x43a7,Poor,Poor,0.723,0.2748,0.0022,0.723,True
CUS_0x1c58,Standard,Good,0.0631,0.2023,0.7346,0.7346,False
CUS_0x7e39,Poor,Poor,0.6674,0.3051,0.0275,0.6674,True
CUS_0xa182,Standard,Poor,0.7048,0.294,0.0012,0.7048,False
CUS_0x23ff,Good,Good,0.0892,0.2181,0.6928,0.6928,True
CUS_0xbf53,Poor,Poor,0.7786,0.2038,0.0176,0.7786,True
CUS_0x8b38,Standard,Good,0.0026,0.4207,0.5767,0.5767,False
CUS_0x7c59,Good,Good,0.0378,0.1402,0.822,0.822,True
CUS_0x8247,Standard,Poor,0.8896,0.1099,0.0005,0.8896,False
CUS_0x1355,Poor,Poor,0.8764,0.1231,0.0006,0.8764,True
CUS_0x8cf6,Standard,Standard,0.0279,0.63,0.3422,0.63,True
CUS_0x9dfd,Good,Good,0.0517,0.1855,0.7628,0.7628,True
CUS_0x900,Standard,Standard,0.0769,0.8993,0.0237,0.8993,True
CUS_0xc23d,Standard,Standard,0.0314,0.72,0.2486,0.72,True
CUS_0xad3f,Good,Good,0.0245,0.2828,0.6927,0.6927,True
CUS_0x391a,Good,Good,0.0703,0.1611,0.7686,0.7686,True
CUS_0x7f3f,Standard,Poor,0.8371,0.1525,0.0104,0.8371,False
CUS_0x7efc,Standard,Standard,0.3386,0.6549,0.0065,0.6549,True
CUS_0xc21f,Standard,Standard,0.2748,0.5201,0.2052,0.5201,True
CUS_0xa833,Standard,Good,0.0293,0.3866,0.5841,0.5841,False
CUS_0x3872,Standard,Standard,0.1783,0.7465,0.0752,0.7465,True
CUS_0x3365,Standard,Poor,0.7419,0.2573,0.0007,0.7419,False
CUS_0xc50f,Standard,Standard,0.0249,0.7584,0.2167,0.7584,True
CUS_0x7284,Poor,Poor,0.8265,0.173,0.0005,0.8265,True
CUS_0x2216,Standard,Good,0.2303,0.1629,0.6068,0.6068,False
CUS_0x345e,Poor,Poor,0.7733,0.2263,0.0004,0.7733,True
CUS_0x6d30,Standard,Standard,0.0215,0.69,0.2885,0.69,True
CUS_0x1416,Good,Standard,0.0236,0.7904,0.186,0.7904,False
CUS_0xb54e,Standard,Standard,0.0747,0.7937,0.1316,0.7937,True
CUS_0x6b10,Good,Standard,0.051,0.8132,0.1358,0.8132,False
CUS_0x9b58,Poor,Poor,0.9147,0.0841,0.0012,0.9147,True
CUS_0x56c,Standard,Standard,0.1009,0.8648,0.0342,0.8648,True
CUS_0x1018,Poor,Poor,0.749,0.1138,0.1372,0.749,True
CUS_0x17a9,Standard,Standard,0.1772,0.7625,0.0603,0.7625,True
CUS_0x432,Poor,Poor,0.6846,0.3091,0.0063,0.6846,True
CUS_0x6fa1,Standard,Standard,0.3133,0.6845,0.0022,0.6845,True
CUS_0x3127,Standard,Standard,0.3231,0.6754,0.0016,0.6754,True
CUS_0x70ac,Good,Good,0.0867,0.1277,0.7856,0.7856,True
CUS_0xa8c0,Standard,Standard,0.2008,0.7887,0.0105,0.7887,True
CUS_0x48cc,Standard,Standard,0.1434,0.7825,0.0742,0.7825,True
CUS_0x99a9,Standard,Standard,0.0259,0.7625,0.2116,0.7625,True
CUS_0xa6cb,Poor,Poor,0.8533,0.1457,0.001,0.8533,True
CUS_0xaf67,Good,Good,0.0006,0.1456,0.8538,0.8538,True
CUS_0x76fb,Standard,Standard,0.054,0.8301,0.1159,0.8301,True
CUS_0x587,Poor,Poor,0.7329,0.2656,0.0014,0.7329,True
CUS_0x6e58,Standard,Standard,0.0841,0.6229,0.2929,0.6229,True
CUS_0x987d,Standard,Standard,0.1249,0.8546,0.0205,0.8546,True
CUS_0x6282,Standard,Standard,0.054,0.9331,0.013,0.9331,True
CUS_0x259a,Poor,Standard,0.1288,0.8429,0.0283,0.8429,False
CUS_0x323f,Poor,Poor,0.5447,0.3736,0.0817,0.5447,True
CUS_0x29ff,Poor,Poor,0.7543,0.1163,0.1294,0.7543,True
CUS_0x2d03,Good,Good,0.0704,0.146,0.7836,0.7836,True
CUS_0x82d,Standard,Poor,0.5858,0.4068,0.0073,0.5858,False
CUS_0x5dca,Standard,Standard,0.05,0.8997,0.0504,0.8997,True
CUS_0x96c8,Poor,Poor,0.7337,0.2563,0.01,0.7337,True
CUS_0x7871,Good,Good,0.0756,0.2771,0.6473,0.6473,True
CUS_0x8bdf,Standard,Standard,0.1291,0.8302,0.0406,0.8302,True
CUS_0x9b7d,Standard,Standard,0.2177,0.7724,0.0099,0.7724,True
CUS_0x60e8,Standard,Standard,0.1058,0.8607,0.0335,0.8607,True
CUS_0xbb53,Poor,Poor,0.7209,0.2736,0.0056,0.7209,True
CUS_0x7fa,Standard,Poor,0.7479,0.2509,0.0013,0.7479,False
CUS_0x3474,Poor,Standard,0.2664,0.4271,0.3066,0.4271,False
CUS_0xc63a,Poor,Good,0.1122,0.4044,0.4834,0.4834,False
CUS_0x34e9,Poor,Poor,0.8152,0.1832,0.0016,0.8152,True
CUS_0x785,Standard,Standard,0.0608,0.8486,0.0907,0.8486,True
CUS_0x445,Poor,Poor,0.8026,0.1968,0.0005,0.8026,True
CUS_0xc187,Poor,Poor,0.5237,0.4745,0.0018,0.5237,True
CUS_0x815c,Standard,Standard,0.1064,0.5084,0.3852,0.5084,True
CUS_0x75ba,Standard,Standard,0.4151,0.562,0.0228,0.562,True
CUS_0xbb85,Standard,Standard,0.0485,0.7876,0.1639,0.7876,True
CUS_0x3da0,Standard,Standard,0.0855,0.8477,0.0668,0.8477,True
CUS_0x1087,Standard,Good,0.0485,0.2737,0.6778,0.6778,False
CUS_0xaf6f,Good,Good,0.0564,0.3948,0.5488,0.5488,True
CUS_0x785f,Good,Good,0.0947,0.181,0.7243,0.7243,True
CUS_0xb171,Standard,Standard,0.3912,0.606,0.0028,0.606,True
CUS_0x3b06,Standard,Good,0.0414,0.1485,0.8101,0.8101,False
CUS_0x4395,Poor,Poor,0.7077,0.2887,0.0036,0.7077,True
CUS_0x8892,Standard,Standard,0.0304,0.9339,0.0357,0.9339,True
CUS_0x6f2d,Poor,Standard,0.215,0.7414,0.0436,0.7414,False
CUS_0x2567,Standard,Good,0.1738,0.2947,0.5315,0.5315,False
CUS_0x42a5,Standard,Standard,0.3239,0.6351,0.041,0.6351,True
CUS_0x44b9,Standard,Standard,0.0427,0.7989,0.1584,0.7989,True
CUS_0x316e,Poor,Poor,0.7964,0.2009,0.0027,0.7964,True
CUS_0x5f37,Poor,Poor,0.8018,0.1964,0.0017,0.8018,True
CUS_0x89ec,Poor,Poor,0.5601,0.3541,0.0858,0.5601,True
CUS_0xb98d,Standard,Standard,0.0715,0.9001,0.0284,0.9001,True
CUS_0x3fde,Standard,Standard,0.1035,0.8642,0.0323,0.8642,True
CUS_0x61e4,Standard,Standard,0.0212,0.6091,0.3698,0.6091,True
CUS_0x8a8e,Poor,Poor,0.5225,0.4756,0.0019,0.5225,True
CUS_0x629c,Standard,Standard,0.201,0.767,0.032,0.767,True
CUS_0x621,Standard,Standard,0.0311,0.9411,0.0278,0.9411,True
CUS_0x6058,Poor,Good,0.2692,0.2913,0.4395,0.4395,False
CUS_0x17e3,Poor,Poor,0.6981,0.3012,0.0007,0.6981,True
CUS_0x4c96,Good,Good,0.0133,0.1126,0.8741,0.8741,True
CUS_0xbabe,Poor,Poor,0.8199,0.1755,0.0046,0.8199,True
CUS_0x6e8b,Good,Good,0.019,0.1144,0.8666,0.8666,True
CUS_0xd66,Standard,Standard,0.1445,0.5281,0.3274,0.5281,True
CUS_0x20dc,Good,Good,0.0433,0.1596,0.7971,0.7971,True
CUS_0x248f,Standard,Standard,0.047,0.9153,0.0377,0.9153,True
CUS_0x9ead,Poor,Standard,0.1448,0.8082,0.047,0.8082,False
CUS_0x1f15,Poor,Poor,0.8727,0.1269,0.0005,0.8727,True
CUS_0x9509,Poor,Poor,0.9114,0.0876,0.0011,0.9114,True
CUS_0x3f62,Poor,Poor,0.9133,0.0862,0.0004,0.9133,True
CUS_0x7879,Good,Good,0.0007,0.0291,0.9702,0.9702,True
CUS_0x2fec,Standard,Poor,0.7529,0.2443,0.0028,0.7529,False
CUS_0xc17f,Standard,Standard,0.104,0.8423,0.0537,0.8423,True
CUS_0x689b,Poor,Standard,0.1951,0.7427,0.0623,0.7427,False
CUS_0x7ff3,Standard,Standard,0.0799,0.5071,0.413,0.5071,True
CUS_0xacd6,Standard,Good,0.057,0.3019,0.6411,0.6411,False
CUS_0x193b,Standard,Poor,0.9445,0.0549,0.0006,0.9445,False
CUS_0x4c2c,Good,Standard,0.1428,0.6104,0.2468,0.6104,False
CUS_0x68cd,Standard,Poor,0.6386,0.3575,0.004,0.6386,False
CUS_0x3767,Standard,Standard,0.0433,0.4906,0.4661,0.4906,True
CUS_0x7045,Standard,Standard,0.448,0.5498,0.0021,0.5498,True
CUS_0xa4f9,Standard,Standard,0.0543,0.6653,0.2804,0.6653,True
CUS_0x39e5,Poor,Poor,0.8126,0.1829,0.0044,0.8126,True
CUS_0x6dec,Standard,Good,0.0485,0.2652,0.6863,0.6863,False
CUS_0x247e,Standard,Good,0.0021,0.2476,0.7503,0.7503,False
CUS_0x7df6,Standard,Standard,0.0341,0.8962,0.0697,0.8962,True
CUS_0x9dc5,Good,Good,0.0281,0.0781,0.8937,0.8937,True
CUS_0x1b09,Standard,Standard,0.0166,0.6431,0.3403,0.6431,True
CUS_0x2abb,Standard,Standard,0.1675,0.7988,0.0337,0.7988,True
CUS_0x6bb2,Good,Good,0.0824,0.2698,0.6478,0.6478,True
CUS_0x394a,Good,Good,0.0133,0.2589,0.7277,0.7277,True
CUS_0x1b56,Poor,Poor,0.8036,0.193,0.0034,0.8036,True
CUS_0xc042,Standard,Good,0.0257,0.3099,0.6643,0.6643,False
CUS_0x5dd3,Good,Good,0.1122,0.1446,0.7432,0.7432,True
CUS_0x8b02,Poor,Standard,0.1934,0.5202,0.2865,0.5202,False
CUS_0x62f8,Poor,Poor,0.9154,0.075,0.0097,0.9154,True
CUS_0x5334,Standard,Poor,0.7426,0.243,0.0144,0.7426,False
CUS_0x4b1c,Poor,Good,0.1735,0.2656,0.5609,0.5609,False
CUS_0x6176,Poor,Poor,0.6615,0.3353,0.0032,0.6615,True
CUS_0x84c9,Standard,Poor,0.5157,0.3493,0.1351,0.5157,False
CUS_0x2878,Standard,Standard,0.051,0.5216,0.4274,0.5216,True
CUS_0x5875,Standard,Standard,0.0594,0.9166,0.024,0.9166,True
CUS_0x6c4c,Standard,Standard,0.021,0.9024,0.0766,0.9024,True
CUS_0xa8d6,Standard,Standard,0.23,0.4808,0.2892,0.4808,True
CUS_0x48cb,Standard,Standard,0.2062,0.7284,0.0654,0.7284,True
CUS_0xc00a,Standard,Poor,0.7222,0.2771,0.0007,0.7222,False
CUS_0x72fb,Standard,Standard,0.0819,0.8869,0.0312,0.8869,True
CUS_0x1935,Good,Poor,0.5146,0.4216,0.0638,0.5146,False
CUS_0xaa29,Standard,Standard,0.092,0.5434,0.3646,0.5434,True
CUS_0xc622,Standard,Standard,0.067,0.7637,0.1693,0.7637,True
CUS_0x1aa4,Good,Standard,0.0927,0.7353,0.172,0.7353,False
CUS_0x627e,Standard,Standard,0.1121,0.6523,0.2356,0.6523,True
CUS_0x5793,Standard,Poor,0.8567,0.1427,0.0006,0.8567,False
CUS_0x38a4,Standard,Standard,0.0357,0.8972,0.0672,0.8972,True
CUS_0x602a,Poor,Standard,0.1915,0.7386,0.0699,0.7386,False
CUS_0xc29b,Poor,Poor,0.5064,0.4876,0.006,0.5064,True
CUS_0xb187,Standard,Good,0.1233,0.1839,0.6929,0.6929,False
CUS_0x7d8a,Poor,Poor,0.8809,0.1179,0.0012,0.8809,True
CUS_0x4b44,Standard,Standard,0.1318,0.8431,0.025,0.8431,True
CUS_0xa46c,Standard,Standard,0.0626,0.8923,0.0451,0.8923,True
CUS_0x18f4,Standard,Standard,0.0561,0.7981,0.1458,0.7981,True
CUS_0xbd7c,Standard,Standard,0.0191,0.8984,0.0825,0.8984,True
CUS_0x97f8,Good,Good,0.0339,0.1885,0.7776,0.7776,True
CUS_0x7ed8,Good,Good,0.0203,0.2793,0.7004,0.7004,True
CUS_0xb4c2,Poor,Poor,0.8213,0.178,0.0006,0.8213,True
CUS_0x4ddf,Poor,Poor,0.8947,0.0622,0.043,0.8947,True
CUS_0x87a8,Poor,Poor,0.3703,0.3399,0.2898,0.3703,True
CUS_0x1b8a,Good,Good,0.0765,0.2032,0.7203,0.7203,True
CUS_0x7202,Poor,Standard,0.3979,0.5895,0.0126,0.5895,False
CUS_0x32a5,Good,Good,0.0501,0.421,0.5289,0.5289,True
CUS_0x3c09,Standard,Good,0.0038,0.1006,0.8957,0.8957,False
CUS_0x507a,Standard,Standard,0.0545,0.9105,0.0349,0.9105,True
CUS_0x5cc8,Standard,Standard,0.0273,0.6407,0.3321,0.6407,True
CUS_0x442b,Standard,Good,0.0983,0.1163,0.7854,0.7854,False
CUS_0x2b60,Poor,Standard,0.3522,0.6299,0.018,0.6299,False
CUS_0x4454,Standard,Poor,0.7656,0.232,0.0025,0.7656,False
CUS_0xbd8f,Poor,Standard,0.3936,0.6,0.0064,0.6,False
CUS_0xc662,Standard,Standard,0.0752,0.8967,0.0281,0.8967,True
CUS_0x67f9,Poor,Poor,0.8017,0.1964,0.0019,0.8017,True
CUS_0x5ef3,Standard,Good,0.0631,0.176,0.7608,0.7608,False
CUS_0x4795,Standard,Standard,0.0479,0.6681,0.284,0.6681,True
CUS_0x71e0,Standard,Standard,0.0295,0.666,0.3044,0.666,True
CUS_0x56a5,Standard,Standard,0.2213,0.5212,0.2575,0.5212,True
CUS_0x96bc,Standard,Standard,0.0284,0.9214,0.0502,0.9214,True
CUS_0x6f3e,Poor,Poor,0.8447,0.1544,0.0009,0.8447,True
CUS_0xa303,Poor,Poor,0.9416,0.0549,0.0035,0.9416,True
CUS_0x79dd,Standard,Poor,0.758,0.2394,0.0027,0.758,False
CUS_0x2ba9,Standard,Poor,0.7665,0.194,0.0395,0.7665,False
CUS_0x276a,Poor,Poor,0.8652,0.1344,0.0004,0.8652,True
CUS_0xa403,Standard,Standard,0.0753,0.9004,0.0243,0.9004,True
CUS_0xbf3a,Good,Good,0.0013,0.1071,0.8916,0.8916,True
CUS_0xbe29,Standard,Good,0.0574,0.3673,0.5753,0.5753,False
CUS_0x4849,Standard,Standard,0.4026,0.5944,0.0029,0.5944,True
CUS_0x1d1f,Standard,Standard,0.0119,0.9543,0.0338,0.9543,True
CUS_0x4448,Poor,Poor,0.8839,0.1156,0.0005,0.8839,True
CUS_0xbccf,Standard,Standard,0.2847,0.6671,0.0482,0.6671,True
CUS_0xbbff,Standard,Standard,0.0541,0.5577,0.3882,0.5577,True
CUS_0x926b,Standard,Standard,0.0663,0.9104,0.0233,0.9104,True
CUS_0x1820,Poor,Standard,0.406,0.572,0.022,0.572,False
CUS_0xa2c0,Standard,Good,0.0664,0.2276,0.706,0.706,False
CUS_0x41e7,Standard,Poor,0.9421,0.0575,0.0004,0.9421,False
CUS_0x5a2d,Poor,Poor,0.8696,0.1293,0.001,0.8696,True
CUS_0x6acc,Standard,Standard,0.2012,0.7234,0.0754,0.7234,True
CUS_0xa936,Standard,Good,0.2222,0.2418,0.536,0.536,False
CUS_0x7659,Good,Good,0.0297,0.0677,0.9026,0.9026,True
CUS_0x7251,Standard,Standard,0.0688,0.6324,0.2988,0.6324,True
CUS_0x7a8d,Standard,Good,0.0597,0.4347,0.5056,0.5056,False
CUS_0x953c,Good,Good,0.1027,0.1813,0.716,0.716,True
CUS_0x9e26,Poor,Poor,0.8844,0.1092,0.0064,0.8844,True
CUS_0x2d7e,Good,Good,0.0176,0.1453,0.8371,0.8371,True
CUS_0x98a8,Standard,Standard,0.0268,0.9401,0.033,0.9401,True
CUS_0x8fec,Standard,Poor,0.6459,0.3507,0.0034,0.6459,False
CUS_0x578b,Poor,Poor,0.5653,0.4324,0.0023,0.5653,True
CUS_0x7dd1,Good,Good,0.0245,0.487,0.4885,0.4885,True
CUS_0x634d,Standard,Good,0.0125,0.122,0.8654,0.8654,False
CUS_0xc37,Standard,Standard,0.0536,0.7964,0.15,0.7964,True
CUS_0x9ee4,Good,Good,0.0366,0.1467,0.8166,0.8166,True
CUS_0x98ed,Standard,Standard,0.0302,0.8786,0.0911,0.8786,True
CUS_0x783f,Poor,Poor,0.9336,0.0642,0.0021,0.9336,True
CUS_0x26d2,Good,Good,0.0028,0.1763,0.8209,0.8209,True
CUS_0xb614,Standard,Standard,0.1275,0.7879,0.0846,0.7879,True
CUS_0x9c1f,Standard,Poor,0.9616,0.0373,0.0011,0.9616,False
CUS_0xafa3,Good,Good,0.0036,0.3644,0.6321,0.6321,True
CUS_0x15a3,Good,Standard,0.0437,0.5169,0.4394,0.5169,False
CUS_0x3b59,Standard,Standard,0.186,0.5965,0.2175,0.5965,True
CUS_0xbcf7,Poor,Poor,0.9267,0.0727,0.0007,0.9267,True
CUS_0x8959,Standard,Standard,0.1041,0.8689,0.0271,0.8689,True
CUS_0x2ea1,Standard,Standard,0.1594,0.6196,0.221,0.6196,True
CUS_0x4fd4,Poor,Poor,0.7283,0.2575,0.0142,0.7283,True
CUS_0x2f59,Standard,Standard,0.0662,0.9088,0.025,0.9088,True
CUS_0x1542,Good,Good,0.0365,0.2693,0.6942,0.6942,True
CUS_0xc362,Poor,Poor,0.7483,0.2439,0.0077,0.7483,True
CUS_0x707d,Standard,Standard,0.0946,0.847,0.0584,0.847,True
CUS_0x5602,Poor,Poor,0.8552,0.1447,0.0001,0.8552,True
CUS_0xacc6,Standard,Standard,0.0455,0.894,0.0605,0.894,True
CUS_0x854e,Standard,Standard,0.0622,0.6415,0.2962,0.6415,True
CUS_0x8b6f,Good,Good,0.0066,0.1083,0.8852,0.8852,True
CUS_0xa548,Poor,Poor,0.8719,0.1272,0.0009,0.8719,True
CUS_0x81f5,Good,Standard,0.1079,0.812,0.0801,0.812,False
CUS_0xc3aa,Standard,Standard,0.0751,0.8498,0.0751,0.8498,True
CUS_0x4460,Good,Good,0.0625,0.1347,0.8028,0.8028,True
CUS_0xbfb5,Standard,Standard,0.0792,0.8786,0.0422,0.8786,True
CUS_0x6d55,Good,Standard,0.1094,0.8651,0.0255,0.8651,False
CUS_0xa857,Poor,Standard,0.0882,0.8403,0.0715,0.8403,False
CUS_0x8b9a,Good,Good,0.0007,0.0688,0.9304,0.9304,True
CUS_0x4fcc,Standard,Standard,0.334,0.3612,0.3048,0.3612,True
CUS_0x778e,Standard,Poor,0.5415,0.3033,0.1553,0.5415,False
CUS_0x19a7,Poor,Poor,0.5894,0.4046,0.006,0.5894,True
CUS_0xb3b3,Good,Good,0.155,0.1204,0.7246,0.7246,True
CUS_0x4b2c,Standard,Standard,0.1685,0.4605,0.3709,0.4605,True
CUS_0x4b9f,Standard,Standard,0.0468,0.7248,0.2284,0.7248,True
CUS_0x8e93,Poor,Poor,0.8912,0.1086,0.0002,0.8912,True
CUS_0x92a3,Good,Good,0.0573,0.3247,0.618,0.618,True
CUS_0x617b,Standard,Standard,0.0492,0.5855,0.3654,0.5855,True
CUS_0x7e7c,Standard,Standard,0.1105,0.6548,0.2347,0.6548,True
CUS_0x443e,Standard,Standard,0.1274,0.8368,0.0358,0.8368,True
CUS_0x1748,Poor,Poor,0.4085,0.2456,0.3459,0.4085,True
CUS_0x4ee7,Good,Good,0.035,0.4052,0.5598,0.5598,True
CUS_0xae6c,Standard,Poor,0.8822,0.117,0.0007,0.8822,False
CUS_0x65ab,Poor,Poor,0.771,0.2272,0.0018,0.771,True
CUS_0x2a2e,Poor,Poor,0.9092,0.0904,0.0005,0.9092,True
CUS_0x2dca,Poor,Poor,0.8192,0.1306,0.0503,0.8192,True
CUS_0x1ee3,Poor,Poor,0.8693,0.1301,0.0007,0.8693,True
CUS_0x4098,Standard,Poor,0.5016,0.4969,0.0015,0.5016,False
CUS_0xb385,Poor,Poor,0.829,0.1666,0.0044,0.829,True
CUS_0xc78,Good,Good,0.1392,0.251,0.6098,0.6098,True
CUS_0x48e9,Standard,Good,0.0007,0.2836,0.7157,0.7157,False
CUS_0x6032,Poor,Poor,0.7689,0.2267,0.0044,0.7689,True
CUS_0xa9e7,Standard,Good,0.1076,0.1593,0.7331,0.7331,False
CUS_0x1a8d,Good,Good,0.3647,0.099,0.5363,0.5363,True
CUS_0x9a09,Standard,Standard,0.0735,0.8725,0.0541,0.8725,True
CUS_0x1abe,Poor,Poor,0.8712,0.128,0.0008,0.8712,True
CUS_0x3b04,Standard,Standard,0.0186,0.8851,0.0963,0.8851,True
CUS_0x4838,Standard,Standard,0.0404,0.6023,0.3573,0.6023,True
CUS_0xac4f,Standard,Poor,0.8649,0.1337,0.0014,0.8649,False
CUS_0x297f,Poor,Good,0.0986,0.4025,0.499,0.499,False
CUS_0xa789,Poor,Poor,0.5848,0.4149,0.0003,0.5848,True
CUS_0x78d3,Good,Standard,0.0006,0.645,0.3544,0.645,False
CUS_0x72a8,Standard,Standard,0.1333,0.8251,0.0416,0.8251,True
CUS_0x6ea9,Good,Standard,0.0005,0.869,0.1305,0.869,False
CUS_0x6257,Poor,Good,0.2435,0.3467,0.4098,0.4098,False
CUS_0x8718,Standard,Standard,0.0254,0.9404,0.0342,0.9404,True
CUS_0xa2f0,Good,Standard,0.0673,0.8951,0.0377,0.8951,False
CUS_0x8380,Poor,Poor,0.852,0.1467,0.0013,0.852,True
CUS_0x6958,Standard,Standard,0.0338,0.9382,0.028,0.9382,True
CUS_0x6827,Poor,Poor,0.8803,0.1169,0.0028,0.8803,True
CUS_0xaabb,Standard,Poor,0.7312,0.2659,0.0029,0.7312,False
CUS_0x9357,Standard,Standard,0.079,0.7381,0.1829,0.7381,True
CUS_0xba5,Standard,Standard,0.123,0.6899,0.1871,0.6899,True
CUS_0x8d60,Poor,Standard,0.2757,0.7001,0.0242,0.7001,False
CUS_0x64c6,Standard,Good,0.0594,0.1515,0.7891,0.7891,False
CUS_0xa463,Standard,Standard,0.0232,0.7451,0.2317,0.7451,True
CUS_0x7a34,Standard,Standard,0.0655,0.8678,0.0667,0.8678,True
CUS_0xaeec,Poor,Poor,0.9449,0.0504,0.0046,0.9449,True
CUS_0x48aa,Poor,Poor,0.9253,0.0739,0.0008,0.9253,True
CUS_0x3e75,Standard,Standard,0.0711,0.5117,0.4173,0.5117,True
CUS_0x133f,Standard,Standard,0.1493,0.83,0.0207,0.83,True
CUS_0x7d5e,Good,Standard,0.0891,0.773,0.1379,0.773,False
CUS_0x3cc6,Poor,Poor,0.9756,0.0239,0.0004,0.9756,True
CUS_0x9536,Standard,Standard,0.2447,0.7121,0.0433,0.7121,True
CUS_0x9081,Standard,Standard,0.0534,0.916,0.0306,0.916,True
CUS_0xbb7,Standard,Standard,0.3114,0.6872,0.0014,0.6872,True
CUS_0x9d62,Good,Good,0.0073,0.0672,0.9255,0.9255,True
CUS_0x7a46,Poor,Standard,0.346,0.5613,0.0927,0.5613,False
CUS_0xaa35,Good,Standard,0.2115,0.5442,0.2442,0.5442,False
CUS_0x86e,Poor,Poor,0.9138,0.0821,0.0041,0.9138,True
CUS_0x535b,Good,Good,0.0404,0.371,0.5886,0.5886,True
CUS_0xbab,Good,Good,0.0253,0.062,0.9127,0.9127,True
CUS_0x4037,Standard,Poor,0.5493,0.2362,0.2145,0.5493,False
CUS_0x5528,Poor,Standard,0.4615,0.4845,0.054,0.4845,False
CUS_0x51b4,Poor,Poor,0.7785,0.2151,0.0064,0.7785,True
CUS_0x9e43,Standard,Standard,0.3002,0.661,0.0388,0.661,True
CUS_0x64d6,Poor,Standard,0.3406,0.3594,0.2999,0.3594,False
CUS_0x83dc,Standard,Standard,0.2603,0.7317,0.0079,0.7317,True
CUS_0x4c62,Standard,Standard,0.1208,0.7324,0.1468,0.7324,True
CUS_0xac58,Standard,Standard,0.0377,0.9032,0.0591,0.9032,True
CUS_0x5540,Poor,Poor,0.9207,0.0792,0.0001,0.9207,True
CUS_0x7942,Poor,Poor,0.5896,0.4039,0.0065,0.5896,True
CUS_0x9b80,Standard,Standard,0.193,0.5565,0.2505,0.5565,True
CUS_0x2595,Good,Standard,0.0332,0.7172,0.2496,0.7172,False
CUS_0x54b7,Standard,Standard,0.0936,0.7964,0.11,0.7964,True
CUS_0x3ddc,Standard,Standard,0.0613,0.8475,0.0912,0.8475,True
CUS_0x9d32,Poor,Poor,0.5999,0.374,0.0261,0.5999,True
CUS_0x7900,Poor,Standard,0.4685,0.4949,0.0366,0.4949,False
CUS_0xa872,Standard,Good,0.1915,0.3439,0.4647,0.4647,False
CUS_0x1621,Standard,Standard,0.0984,0.8859,0.0157,0.8859,True
CUS_0x8a14,Standard,Standard,0.0864,0.6842,0.2294,0.6842,True
CUS_0x41ce,Good,Good,0.0138,0.4851,0.5011,0.5011,True
CUS_0x6fb2,Poor,Poor,0.8274,0.1708,0.0018,0.8274,True
CUS_0x533e,Poor,Poor,0.8944,0.1048,0.0008,0.8944,True
CUS_0x74d2,Poor,Poor,0.4696,0.2999,0.2305,0.4696,True
CUS_0x8100,Poor,Poor,0.8925,0.1073,0.0002,0.8925,True
CUS_0x9e48,Standard,Poor,0.4526,0.4344,0.113,0.4526,False
CUS_0x932c,Poor,Standard,0.2241,0.7584,0.0175,0.7584,False
CUS_0x1f24,Poor,Poor,0.8676,0.1128,0.0196,0.8676,True
CUS_0x15d9,Poor,Poor,0.7835,0.2126,0.0039,0.7835,True
CUS_0x89b9,Standard,Standard,0.2311,0.753,0.0159,0.753,True
CUS_0xba68,Poor,Poor,0.9547,0.043,0.0024,0.9547,True
CUS_0x1591,Standard,Good,0.0082,0.4283,0.5634,0.5634,False
CUS_0x11ac,Standard,Standard,0.0651,0.9119,0.0229,0.9119,True
CUS_0x732b,Standard,Standard,0.0586,0.919,0.0224,0.919,True
CUS_0x8239,Poor,Poor,0.363,0.3044,0.3326,0.363,True
CUS_0x5208,Poor,Poor,0.6514,0.3479,0.0007,0.6514,True
CUS_0xd05,Good,Good,0.0004,0.0716,0.928,0.928,True
CUS_0x99bc,Poor,Poor,0.7124,0.1324,0.1552,0.7124,True
CUS_0x667a,Poor,Poor,0.9206,0.0787,0.0006,0.9206,True
CUS_0x258b,Poor,Poor,0.829,0.1498,0.0211,0.829,True
CUS_0x23a6,Standard,Standard,0.0903,0.8591,0.0506,0.8591,True
CUS_0x7480,Standard,Standard,0.0512,0.8734,0.0754,0.8734,True
CUS_0xa374,Standard,Good,0.0033,0.0444,0.9524,0.9524,False
CUS_0x7848,Good,Good,0.0352,0.3067,0.6582,0.6582,True
CUS_0x145a,Good,Good,0.0282,0.112,0.8598,0.8598,True
CUS_0x48e1,Standard,Good,0.0653,0.3616,0.5732,0.5732,False
CUS_0x4488,Standard,Standard,0.0774,0.5381,0.3845,0.5381,True
CUS_0xa396,Standard,Standard,0.0455,0.9073,0.0471,0.9073,True
CUS_0x2907,Standard,Standard,0.0365,0.7336,0.23,0.7336,True
CUS_0x91e5,Standard,Standard,0.2053,0.7483,0.0464,0.7483,True
CUS_0xb152,Standard,Poor,0.8547,0.1451,0.0002,0.8547,False
CUS_0x86b,Poor,Poor,0.85,0.1488,0.0012,0.85,True
CUS_0x3439,Good,Good,0.0018,0.0615,0.9367,0.9367,True
CUS_0x218e,Poor,Poor,0.8905,0.1093,0.0002,0.8905,True
CUS_0xc2a6,Standard,Standard,0.127,0.8539,0.0192,0.8539,True
CUS_0x286a,Standard,Poor,0.6004,0.3942,0.0054,0.6004,False
CUS_0x79b,Standard,Standard,0.0218,0.8894,0.0888,0.8894,True
CUS_0xc48d,Standard,Standard,0.0505,0.8162,0.1333,0.8162,True
CUS_0xbd59,Standard,Good,0.0011,0.0657,0.9332,0.9332,False
CUS_0x7269,Standard,Standard,0.0574,0.8769,0.0657,0.8769,True
CUS_0x57c7,Standard,Poor,0.7932,0.2008,0.006,0.7932,False
CUS_0x6c91,Standard,Standard,0.0312,0.9336,0.0352,0.9336,True
CUS_0x3e2c,Poor,Good,0.1768,0.2059,0.6173,0.6173,False
CUS_0x147a,Standard,Standard,0.1746,0.4379,0.3875,0.4379,True
CUS_0x982a,Poor,Poor,0.4316,0.1722,0.3962,0.4316,True
CUS_0xc1a6,Standard,Standard,0.1016,0.8788,0.0195,0.8788,True
CUS_0x14cf,Standard,Standard,0.0189,0.635,0.3461,0.635,True
CUS_0xa061,Good,Good,0.0431,0.1176,0.8393,0.8393,True
CUS_0x3263,Standard,Good,0.0753,0.1541,0.7705,0.7705,False
CUS_0xb8c,Poor,Poor,0.797,0.2007,0.0023,0.797,True
CUS_0xbe63,Standard,Standard,0.0511,0.9314,0.0175,0.9314,True
CUS_0xbac7,Standard,Standard,0.4149,0.5806,0.0046,0.5806,True
CUS_0xc41f,Standard,Standard,0.1774,0.7025,0.1201,0.7025,True
CUS_0x2de3,Standard,Standard,0.1954,0.7914,0.0132,0.7914,True
CUS_0x9176,Standard,Standard,0.4138,0.5833,0.0029,0.5833,True
CUS_0x93d2,Poor,Poor,0.9291,0.0708,0.0001,0.9291,True
CUS_0xb9a2,Good,Good,0.0921,0.1742,0.7337,0.7337,True
CUS_0x2e79,Standard,Standard,0.3718,0.622,0.0062,0.622,True
CUS_0x8af1,Good,Standard,0.0008,0.5275,0.4717,0.5275,False
CUS_0xa5a4,Standard,Standard,0.0847,0.6339,0.2814,0.6339,True
CUS_0x3bbe,Good,Good,0.0216,0.2449,0.7335,0.7335,True
CUS_0xc461,Standard,Poor,0.409,0.4022,0.1888,0.409,False
CUS_0xb14f,Good,Standard,0.3453,0.5937,0.0611,0.5937,False
CUS_0xbe22,Good,Standard,0.0827,0.8236,0.0937,0.8236,False
CUS_0x8d38,Standard,Good,0.2047,0.2716,0.5237,0.5237,False
CUS_0x7b79,Standard,Standard,0.0637,0.8949,0.0414,0.8949,True
CUS_0x6070,Poor,Standard,0.2639,0.6799,0.0562,0.6799,False
CUS_0x635d,Standard,Standard,0.1364,0.7949,0.0687,0.7949,True
CUS_0x18af,Poor,Poor,0.8823,0.1151,0.0027,0.8823,True
CUS_0xaad,Poor,Poor,0.6742,0.3198,0.006,0.6742,True
CUS_0x440e,Standard,Standard,0.0153,0.8959,0.0888,0.8959,True
CUS_0xb471,Poor,Poor,0.8655,0.1341,0.0004,0.8655,True
CUS_0x74a6,Standard,Standard,0.0386,0.5857,0.3756,0.5857,True
CUS_0xb1f1,Standard,Poor,0.9417,0.058,0.0003,0.9417,False
CUS_0xb639,Poor,Standard,0.0992,0.7031,0.1977,0.7031,False
CUS_0x70c5,Standard,Standard,0.1826,0.8045,0.0129,0.8045,True
CUS_0x8018,Good,Good,0.0094,0.1647,0.8259,0.8259,True
CUS_0xb805,Standard,Standard,0.0544,0.8615,0.0841,0.8615,True
CUS_0x12a7,Standard,Standard,0.0136,0.6915,0.2949,0.6915,True
CUS_0x26ea,Standard,Standard,0.0427,0.9028,0.0545,0.9028,True
CUS_0x2181,Standard,Standard,0.0105,0.9518,0.0377,0.9518,True
CUS_0x1aaf,Standard,Standard,0.1933,0.7947,0.0119,0.7947,True
CUS_0xae79,Standard,Standard,0.0449,0.9216,0.0335,0.9216,True
CUS_0x3d37,Good,Good,0.0692,0.2208,0.71,0.71,True
CUS_0x6013,Standard,Standard,0.2044,0.7746,0.021,0.7746,True
CUS_0x872b,Poor,Poor,0.7649,0.222,0.0132,0.7649,True
CUS_0x2d05,Good,Standard,0.0373,0.5383,0.4244,0.5383,False
CUS_0x5f21,Poor,Good,0.1274,0.3279,0.5448,0.5448,False
CUS_0xabf2,Standard,Poor,0.681,0.3186,0.0005,0.681,False
CUS_0xa7d4,Poor,Standard,0.4355,0.4864,0.0781,0.4864,False
CUS_0x9974,Standard,Standard,0.047,0.697,0.2559,0.697,True
CUS_0x4cef,Standard,Standard,0.0625,0.69,0.2475,0.69,True
CUS_0x5c94,Poor,Standard,0.3465,0.6039,0.0496,0.6039,False
CUS_0x65ca,Good,Good,0.0331,0.1465,0.8204,0.8204,True
CUS_0x9714,Poor,Poor,0.7295,0.2393,0.0311,0.7295,True
CUS_0x95a3,Poor,Poor,0.8939,0.1057,0.0004,0.8939,True
CUS_0x2da9,Standard,Standard,0.0977,0.8178,0.0845,0.8178,True
CUS_0xb22,Standard,Standard,0.1935,0.7967,0.0099,0.7967,True
CUS_0x9ec7,Standard,Good,0.2067,0.1488,0.6444,0.6444,False
CUS_0x4427,Standard,Standard,0.0547,0.832,0.1132,0.832,True
CUS_0x5cd2,Poor,Poor,0.6475,0.3357,0.0168,0.6475,True
CUS_0x843d,Standard,Standard,0.4277,0.5555,0.0168,0.5555,True
CUS_0x337f,Standard,Good,0.0006,0.4479,0.5514,0.5514,False
CUS_0x11b7,Good,Good,0.0003,0.0646,0.9351,0.9351,True
CUS_0xa68e,Standard,Standard,0.0784,0.9174,0.0042,0.9174,True
CUS_0x59dd,Standard,Standard,0.0234,0.7072,0.2694,0.7072,True
CUS_0x3e37,Standard,Standard,0.0229,0.9683,0.0087,0.9683,True
CUS_0x2811,Good,Good,0.0144,0.1409,0.8448,0.8448,True
CUS_0x8bf3,Standard,Poor,0.9322,0.0666,0.0012,0.9322,False
CUS_0x9491,Poor,Standard,0.4208,0.5419,0.0373,0.5419,False
CUS_0xab7d,Standard,Good,0.0644,0.1238,0.8118,0.8118,False
CUS_0x1d70,Poor,Poor,0.7564,0.2427,0.0009,0.7564,True
CUS_0x4672,Standard,Standard,0.1386,0.8191,0.0422,0.8191,True
CUS_0x8109,Poor,Poor,0.894,0.0602,0.0458,0.894,True
CUS_0x8c79,Poor,Poor,0.9261,0.0734,0.0005,0.9261,True
CUS_0xcf8,Poor,Poor,0.8961,0.1025,0.0014,0.8961,True
CUS_0x7daf,Standard,Standard,0.0587,0.9193,0.022,0.9193,True
CUS_0x1edd,Good,Standard,0.1038,0.8195,0.0768,0.8195,False
CUS_0x3f83,Poor,Standard,0.079,0.8855,0.0355,0.8855,False
CUS_0x379e,Standard,Standard,0.197,0.7897,0.0133,0.7897,True
CUS_0x2fc9,Standard,Standard,0.0183,0.9287,0.053,0.9287,True
CUS_0x5537,Standard,Standard,0.0844,0.8752,0.0404,0.8752,True
CUS_0x9434,Standard,Standard,0.4798,0.5128,0.0075,0.5128,True
CUS_0x9d2e,Poor,Standard,0.2492,0.3944,0.3563,0.3944,False
CUS_0xbb9a,Standard,Good,0.0019,0.1271,0.8709,0.8709,False
CUS_0x703c,Good,Good,0.1312,0.3161,0.5527,0.5527,True
CUS_0x4845,Good,Good,0.0173,0.1813,0.8014,0.8014,True
CUS_0x6c45,Poor,Poor,0.8976,0.0991,0.0034,0.8976,True
CUS_0xc51c,Standard,Poor,0.8167,0.1826,0.0007,0.8167,False
CUS_0x6b24,Poor,Poor,0.8898,0.1095,0.0007,0.8898,True
CUS_0x1011,Standard,Standard,0.0301,0.944,0.0259,0.944,True
CUS_0xae26,Poor,Standard,0.3661,0.4115,0.2224,0.4115,False
CUS_0x9587,Good,Standard,0.0848,0.5033,0.4119,0.5033,False
CUS_0x2a75,Standard,Standard,0.0236,0.7301,0.2463,0.7301,True
CUS_0x3102,Standard,Good,0.0719,0.2127,0.7154,0.7154,False
CUS_0x2ce6,Standard,Good,0.2047,0.2451,0.5501,0.5501,False
CUS_0xc299,Poor,Poor,0.6985,0.2994,0.0022,0.6985,True
CUS_0x7698,Poor,Standard,0.2469,0.7242,0.0289,0.7242,False
CUS_0x6575,Standard,Poor,0.4228,0.2175,0.3596,0.4228,False
CUS_0xc13,Poor,Standard,0.0538,0.8732,0.073,0.8732,False
CUS_0x6846,Poor,Poor,0.7591,0.225,0.0158,0.7591,True
CUS_0x7666,Poor,Standard,0.2799,0.4564,0.2636,0.4564,False
CUS_0x19b5,Poor,Standard,0.4805,0.4977,0.0218,0.4977,False
CUS_0x36f2,Standard,Standard,0.0811,0.8966,0.0222,0.8966,True
CUS_0x9cec,Poor,Poor,0.8027,0.1698,0.0274,0.8027,True
CUS_0x24f9,Standard,Standard,0.2579,0.6833,0.0588,0.6833,True
CUS_0xc436,Standard,Standard,0.0294,0.9583,0.0124,0.9583,True
CUS_0xd3e,Standard,Standard,0.1442,0.8355,0.0203,0.8355,True
CUS_0x7015,Poor,Poor,0.9397,0.0584,0.0019,0.9397,True
CUS_0xb2a3,Poor,Poor,0.841,0.1446,0.0144,0.841,True
CUS_0x4c4a,Good,Good,0.0223,0.3277,0.65,0.65,True
CUS_0x8caf,Poor,Poor,0.9129,0.0855,0.0016,0.9129,True
CUS_0x4328,Standard,Standard,0.1331,0.4347,0.4323,0.4347,True
CUS_0xb319,Standard,Standard,0.1833,0.8128,0.0039,0.8128,True
CUS_0x12fc,Good,Good,0.0194,0.0589,0.9217,0.9217,True
CUS_0x3279,Poor,Poor,0.5726,0.3779,0.0495,0.5726,True
CUS_0x1c98,Standard,Standard,0.4072,0.587,0.0058,0.587,True
CUS_0x72f9,Good,Good,0.3005,0.1985,0.501,0.501,True
CUS_0xbd29,Standard,Standard,0.0849,0.772,0.1431,0.772,True
CUS_0x7677,Standard,Standard,0.111,0.8743,0.0147,0.8743,True
CUS_0x8cc8,Standard,Standard,0.0669,0.8561,0.0769,0.8561,True
CUS_0x9a3c,Standard,Standard,0.1654,0.7864,0.0483,0.7864,True
CUS_0xbf18,Standard,Standard,0.4779,0.5082,0.0139,0.5082,True
CUS_0x8b66,Poor,Standard,0.1102,0.8309,0.0589,0.8309,False
CUS_0xa1a2,Poor,Poor,0.9049,0.0949,0.0002,0.9049,True
CUS_0x2f52,Standard,Standard,0.108,0.6888,0.2032,0.6888,True
CUS_0x589c,Standard,Good,0.2378,0.3066,0.4556,0.4556,False
CUS_0xac3f,Standard,Standard,0.0135,0.7005,0.2861,0.7005,True
CUS_0x744c,Standard,Standard,0.0469,0.8431,0.11,0.8431,True
CUS_0x34a3,Standard,Poor,0.5369,0.4417,0.0214,0.5369,False
CUS_0x7307,Good,Poor,0.4455,0.3405,0.214,0.4455,False
CUS_0x3bde,Good,Good,0.0693,0.142,0.7887,0.7887,True
CUS_0x50ef,Standard,Standard,0.0427,0.8952,0.0622,0.8952,True
CUS_0x69a6,Good,Good,0.0216,0.3862,0.5922,0.5922,True
CUS_0xa18d,Poor,Poor,0.7755,0.2233,0.0013,0.7755,True
CUS_0x6086,Standard,Standard,0.3219,0.6764,0.0016,0.6764,True
CUS_0x7226,Good,Good,0.0294,0.3289,0.6417,0.6417,True
CUS_0xc491,Poor,Poor,0.7267,0.1577,0.1156,0.7267,True
CUS_0x3969,Poor,Poor,0.9472,0.0526,0.0003,0.9472,True
CUS_0x4adb,Standard,Standard,0.2066,0.7535,0.0399,0.7535,True
CUS_0xb8d5,Standard,Poor,0.9538,0.0339,0.0123,0.9538,False
CUS_0x4683,Good,Good,0.0169,0.0947,0.8884,0.8884,True
CUS_0xb1d2,Standard,Standard,0.0485,0.9118,0.0397,0.9118,True
CUS_0xbfef,Poor,Good,0.3766,0.1525,0.4709,0.4709,False
CUS_0x9538,Standard,Good,0.002,0.0668,0.9312,0.9312,False
CUS_0x97dc,Poor,Standard,0.1288,0.5383,0.3329,0.5383,False
CUS_0xa897,Poor,Good,0.1564,0.3963,0.4473,0.4473,False
CUS_0x17e5,Poor,Poor,0.8368,0.161,0.0022,0.8368,True
CUS_0x7d1e,Poor,Poor,0.7343,0.2417,0.024,0.7343,True
CUS_0x5876,Good,Poor,0.5114,0.4546,0.0339,0.5114,False
CUS_0x4357,Standard,Standard,0.1298,0.8521,0.0181,0.8521,True
CUS_0x9053,Standard,Standard,0.3184,0.6725,0.0091,0.6725,True
CUS_0xab1f,Poor,Poor,0.8574,0.1401,0.0025,0.8574,True
CUS_0x5641,Good,Standard,0.0442,0.7196,0.2362,0.7196,False
CUS_0x8fc8,Standard,Standard,0.088,0.8146,0.0974,0.8146,True
CUS_0x7de5,Poor,Poor,0.8308,0.1586,0.0106,0.8308,True
CUS_0x7df,Poor,Poor,0.9849,0.015,0.0001,0.9849,True
CUS_0x330c,Standard,Standard,0.2087,0.7713,0.0199,0.7713,True
CUS_0x4590,Standard,Standard,0.0426,0.5398,0.4176,0.5398,True
CUS_0x1941,Poor,Poor,0.7532,0.2461,0.0007,0.7532,True
CUS_0x2168,Standard,Good,0.2071,0.3872,0.4057,0.4057,False
CUS_0x7e94,Standard,Poor,0.7381,0.2558,0.0061,0.7381,False
CUS_0x5ee5,Standard,Standard,0.0587,0.867,0.0743,0.867,True
CUS_0x7efe,Good,Poor,0.4197,0.2914,0.2889,0.4197,False
CUS_0x4182,Standard,Standard,0.0252,0.8361,0.1387,0.8361,True
CUS_0xa22b,Good,Good,0.0235,0.3936,0.5829,0.5829,True
CUS_0x2e8a,Standard,Standard,0.0734,0.8915,0.0351,0.8915,True
CUS_0x3d58,Good,Standard,0.0372,0.9443,0.0186,0.9443,False
CUS_0x8b78,Standard,Good,0.0006,0.0885,0.9109,0.9109,False
CUS_0x910e,Poor,Good,0.298,0.1938,0.5082,0.5082,False
CUS_0x5bce,Good,Good,0.0743,0.3073,0.6184,0.6184,True
CUS_0x6596,Standard,Standard,0.1263,0.5399,0.3338,0.5399,True
CUS_0x36b0,Good,Good,0.0857,0.2374,0.6769,0.6769,True
CUS_0xbc71,Poor,Standard,0.4087,0.4541,0.1372,0.4541,False
CUS_0xb201,Standard,Standard,0.2203,0.7677,0.0119,0.7677,True
CUS_0x97d,Poor,Poor,0.7464,0.2399,0.0137,0.7464,True
CUS_0x18a2,Poor,Poor,0.7062,0.2822,0.0115,0.7062,True
CUS_0x165b,Poor,Standard,0.1355,0.7396,0.1249,0.7396,False
CUS_0x7b30,Standard,Standard,0.038,0.9088,0.0532,0.9088,True
CUS_0x1156,Standard,Poor,0.6709,0.3259,0.0032,0.6709,False
CUS_0xac20,Standard,Standard,0.1019,0.8479,0.0502,0.8479,True
CUS_0x9b8b,Good,Standard,0.0288,0.6784,0.2928,0.6784,False
CUS_0x648a,Poor,Poor,0.6694,0.3302,0.0005,0.6694,True
CUS_0x7453,Poor,Standard,0.315,0.6425,0.0425,0.6425,False
CUS_0x54c6,Standard,Standard,0.0314,0.9214,0.0471,0.9214,True
CUS_0x44fc,Poor,Poor,0.6438,0.3289,0.0273,0.6438,True
CUS_0x493c,Good,Good,0.049,0.1496,0.8014,0.8014,True
CUS_0xc7c,Standard,Standard,0.0763,0.7982,0.1255,0.7982,True
CUS_0x8d2,Good,Good,0.0018,0.0356,0.9626,0.9626,True
CUS_0x4aba,Standard,Standard,0.0367,0.9108,0.0525,0.9108,True
CUS_0x83c5,Poor,Poor,0.9364,0.0632,0.0003,0.9364,True
CUS_0xb5b5,Poor,Poor,0.7235,0.2749,0.0017,0.7235,True
CUS_0x51e9,Standard,Standard,0.1721,0.7834,0.0445,0.7834,True
CUS_0xa83a,Poor,Poor,0.7648,0.1463,0.0889,0.7648,True
CUS_0x652e,Good,Standard,0.0949,0.5491,0.356,0.5491,False
CUS_0x4a05,Standard,Poor,0.9307,0.0685,0.0007,0.9307,False
CUS_0xa525,Standard,Good,0.0547,0.1873,0.7579,0.7579,False
CUS_0x2800,Standard,Poor,0.8241,0.1733,0.0026,0.8241,False
CUS_0x4d4d,Standard,Standard,0.0511,0.6732,0.2757,0.6732,True
CUS_0x47af,Standard,Standard,0.2465,0.7276,0.0259,0.7276,True
CUS_0x36ab,Standard,Standard,0.3706,0.6269,0.0025,0.6269,True
CUS_0xaefb,Standard,Standard,0.0443,0.9416,0.0141,0.9416,True
CUS_0x4187,Poor,Standard,0.3489,0.6414,0.0097,0.6414,False
CUS_0x1e8e,Good,Standard,0.0371,0.9141,0.0488,0.9141,False
CUS_0x3ba2,Poor,Standard,0.3996,0.5337,0.0667,0.5337,False
CUS_0x1900,Standard,Poor,0.8454,0.1514,0.0033,0.8454,False
CUS_0x3ae9,Standard,Good,0.0011,0.396,0.603,0.603,False
CUS_0x5ea2,Standard,Standard,0.0339,0.9399,0.0262,0.9399,True
CUS_0x1de6,Poor,Poor,0.7865,0.2098,0.0037,0.7865,True
CUS_0x25fd,Good,Standard,0.0133,0.6592,0.3276,0.6592,False
CUS_0xa4bd,Standard,Standard,0.241,0.7004,0.0586,0.7004,True
CUS_0x42a,Standard,Standard,0.036,0.8843,0.0797,0.8843,True
CUS_0x3f97,Standard,Standard,0.0317,0.94,0.0284,0.94,True
CUS_0x92f,Poor,Poor,0.7545,0.0634,0.1822,0.7545,True
CUS_0x6fb1,Standard,Poor,0.6326,0.3664,0.001,0.6326,False
CUS_0xb44c,Standard,Poor,0.7606,0.2387,0.0007,0.7606,False
CUS_0x672c,Standard,Standard,0.1315,0.865,0.0035,0.865,True
CUS_0xb7fb,Poor,Poor,0.7353,0.2638,0.0009,0.7353,True
CUS_0x191b,Poor,Standard,0.4887,0.4914,0.0199,0.4914,False
CUS_0xb312,Poor,Poor,0.9073,0.091,0.0017,0.9073,True
CUS_0x9438,Poor,Poor,0.7573,0.242,0.0007,0.7573,True
CUS_0x1bfd,Poor,Poor,0.8637,0.134,0.0023,0.8637,True
CUS_0xa905,Poor,Poor,0.7538,0.2431,0.0031,0.7538,True
CUS_0x4d98,Standard,Standard,0.2126,0.3983,0.3891,0.3983,True
CUS_0x3b15,Standard,Good,0.0562,0.4346,0.5092,0.5092,False
CUS_0x1f8c,Poor,Standard,0.1513,0.7514,0.0973,0.7514,False
CUS_0x77ff,Poor,Standard,0.3727,0.5982,0.0291,0.5982,False
CUS_0xa47e,Poor,Poor,0.8068,0.1927,0.0005,0.8068,True
CUS_0x99cf,Standard,Standard,0.2003,0.6739,0.1258,0.6739,True
CUS_0x1f3d,Standard,Standard,0.1352,0.6615,0.2033,0.6615,True
CUS_0x9b46,Standard,Standard,0.2677,0.6535,0.0789,0.6535,True
CUS_0xc2f5,Standard,Good,0.0565,0.2293,0.7141,0.7141,False
CUS_0x1718,Poor,Poor,0.5037,0.468,0.0283,0.5037,True
CUS_0xbabc,Standard,Standard,0.2141,0.7828,0.0031,0.7828,True
CUS_0x1735,Good,Good,0.0681,0.2622,0.6697,0.6697,True
CUS_0x8006,Standard,Standard,0.0097,0.5147,0.4756,0.5147,True
CUS_0x8034,Standard,Good,0.0646,0.3152,0.6202,0.6202,False
CUS_0x7b3,Poor,Poor,0.8108,0.1839,0.0052,0.8108,True
CUS_0x195b,Standard,Standard,0.0365,0.9394,0.0241,0.9394,True
CUS_0x434a,Poor,Poor,0.9268,0.0729,0.0003,0.9268,True
CUS_0xbfd2,Standard,Standard,0.1435,0.8424,0.0141,0.8424,True
CUS_0x67e1,Good,Good,0.106,0.2443,0.6497,0.6497,True
CUS_0x49e4,Good,Good,0.0586,0.124,0.8173,0.8173,True
CUS_0x9e76,Standard,Standard,0.0163,0.9519,0.0317,0.9519,True
CUS_0x4815,Standard,Good,0.0061,0.0621,0.9318,0.9318,False
CUS_0x7315,Standard,Standard,0.1221,0.8203,0.0576,0.8203,True
CUS_0x2e91,Standard,Standard,0.1413,0.8116,0.0471,0.8116,True
CUS_0x1216,Poor,Poor,0.8765,0.1234,0.0001,0.8765,True
CUS_0x2242,Poor,Poor,0.8798,0.1139,0.0063,0.8798,True
CUS_0x6819,Standard,Standard,0.1652,0.7932,0.0416,0.7932,True
CUS_0xa742,Poor,Poor,0.9377,0.0618,0.0006,0.9377,True
CUS_0x4854,Standard,Standard,0.1429,0.8515,0.0056,0.8515,True
CUS_0xc5f6,Good,Standard,0.1195,0.8222,0.0583,0.8222,False
CUS_0x1c26,Poor,Poor,0.8065,0.1352,0.0583,0.8065,True
CUS_0xc4d7,Standard,Standard,0.1082,0.8313,0.0605,0.8313,True
CUS_0x7011,Poor,Poor,0.8432,0.155,0.0018,0.8432,True
CUS_0x61d1,Poor,Poor,0.8161,0.1671,0.0168,0.8161,True
CUS_0x54d4,Poor,Poor,0.6708,0.3283,0.0009,0.6708,True
CUS_0xb745,Good,Good,0.0432,0.2157,0.7412,0.7412,True
CUS_0x3fc2,Standard,Standard,0.0661,0.8804,0.0535,0.8804,True
CUS_0x74c9,Poor,Poor,0.7726,0.2231,0.0044,0.7726,True
CUS_0x81d,Standard,Standard,0.0834,0.8839,0.0327,0.8839,True
CUS_0xc5fd,Standard,Standard,0.0579,0.811,0.1311,0.811,True
CUS_0x3761,Standard,Standard,0.1317,0.7703,0.098,0.7703,True
CUS_0x6fa,Good,Good,0.0007,0.0686,0.9307,0.9307,True
CUS_0x47da,Poor,Standard,0.2362,0.649,0.1148,0.649,False
CUS_0x33dc,Poor,Poor,0.5198,0.4755,0.0047,0.5198,True
CUS_0xa7be,Good,Good,0.0152,0.0752,0.9095,0.9095,True
CUS_0xc651,Good,Standard,0.0579,0.6679,0.2742,0.6679,False
CUS_0x5e89,Standard,Standard,0.024,0.9008,0.0752,0.9008,True
CUS_0x70d6,Standard,Standard,0.3816,0.6117,0.0067,0.6117,True
CUS_0x512e,Standard,Poor,0.9028,0.0969,0.0003,0.9028,False
CUS_0x4ebf,Poor,Poor,0.9316,0.0677,0.0007,0.9316,True
CUS_0x49bf,Standard,Poor,0.6044,0.3947,0.0009,0.6044,False
CUS_0x1e17,Standard,Standard,0.0914,0.8295,0.0791,0.8295,True
CUS_0xb744,Standard,Standard,0.0782,0.8692,0.0526,0.8692,True
CUS_0x8121,Standard,Standard,0.1826,0.8142,0.0032,0.8142,True
CUS_0xacb7,Poor,Poor,0.5969,0.3865,0.0166,0.5969,True
CUS_0x1041,Standard,Standard,0.2937,0.663,0.0432,0.663,True
CUS_0x95f0,Standard,Standard,0.0722,0.8417,0.0862,0.8417,True
CUS_0xad19,Good,Good,0.0527,0.4553,0.492,0.492,True
CUS_0x707a,Standard,Standard,0.0763,0.8944,0.0293,0.8944,True
CUS_0x90a2,Standard,Poor,0.6334,0.3645,0.0022,0.6334,False
CUS_0x557f,Standard,Standard,0.2252,0.7642,0.0106,0.7642,True
CUS_0x9124,Poor,Poor,0.9417,0.058,0.0003,0.9417,True
CUS_0xb350,Standard,Poor,0.774,0.2245,0.0016,0.774,False
CUS_0x1dad,Standard,Standard,0.0922,0.8726,0.0353,0.8726,True
CUS_0x55f,Standard,Poor,0.5029,0.4798,0.0173,0.5029,False
CUS_0x831c,Poor,Poor,0.868,0.1314,0.0006,0.868,True
CUS_0x2ccb,Standard,Standard,0.0927,0.5115,0.3958,0.5115,True
CUS_0x847e,Poor,Standard,0.439,0.5214,0.0396,0.5214,False
CUS_0x7177,Standard,Standard,0.0197,0.9385,0.0418,0.9385,True
CUS_0x242a,Good,Good,0.0023,0.0377,0.9599,0.9599,True
CUS_0x7c8c,Standard,Good,0.0704,0.3666,0.5631,0.5631,False
CUS_0x72d2,Poor,Poor,0.8671,0.1231,0.0099,0.8671,True
CUS_0x1deb,Good,Poor,0.4275,0.374,0.1986,0.4275,False
CUS_0x5495,Standard,Standard,0.1378,0.7796,0.0827,0.7796,True
CUS_0x8266,Good,Good,0.1033,0.1507,0.746,0.746,True
CUS_0xcb9,Good,Standard,0.0177,0.6764,0.306,0.6764,False
CUS_0x9ec8,Good,Good,0.0225,0.159,0.8185,0.8185,True
CUS_0x7181,Standard,Poor,0.7343,0.2641,0.0016,0.7343,False
CUS_0x5131,Standard,Good,0.0145,0.4374,0.5481,0.5481,False
CUS_0x7430,Standard,Standard,0.1501,0.641,0.2088,0.641,True
CUS_0x719f,Good,Good,0.0464,0.0731,0.8806,0.8806,True
CUS_0x9f04,Good,Standard,0.0292,0.5173,0.4536,0.5173,False
CUS_0x4db5,Poor,Poor,0.9351,0.0622,0.0027,0.9351,True
CUS_0x1252,Good,Good,0.3215,0.2286,0.45,0.45,True
CUS_0x6732,Good,Good,0.0013,0.1582,0.8405,0.8405,True
CUS_0x48fd,Poor,Poor,0.6311,0.3433,0.0257,0.6311,True
CUS_0x150d,Poor,Poor,0.9432,0.0566,0.0002,0.9432,True
CUS_0xf50,Standard,Good,0.0444,0.3598,0.5959,0.5959,False
CUS_0x990e,Standard,Standard,0.0264,0.8143,0.1593,0.8143,True
CUS_0x23f3,Poor,Poor,0.6948,0.3003,0.0049,0.6948,True
CUS_0xb1a3,Poor,Poor,0.9596,0.0401,0.0003,0.9596,True
CUS_0x541c,Good,Good,0.0544,0.1987,0.7469,0.7469,True
CUS_0x840b,Poor,Poor,0.898,0.1018,0.0002,0.898,True
CUS_0x1a03,Standard,Standard,0.039,0.8987,0.0623,0.8987,True
CUS_0x76f6,Good,Good,0.0366,0.194,0.7694,0.7694,True
CUS_0x6b9,Standard,Standard,0.0214,0.9499,0.0287,0.9499,True
CUS_0x15a4,Good,Good,0.084,0.1991,0.717,0.717,True
CUS_0x973e,Poor,Poor,0.6935,0.3035,0.0031,0.6935,True
CUS_0x8773,Standard,Standard,0.0711,0.5585,0.3704,0.5585,True
CUS_0xc4b6,Standard,Poor,0.5484,0.1937,0.2579,0.5484,False
CUS_0x646e,Standard,Poor,0.5409,0.4574,0.0017,0.5409,False
CUS_0x1ed5,Poor,Poor,0.8129,0.1863,0.0008,0.8129,True
CUS_0x5391,Standard,Standard,0.0138,0.9761,0.0101,0.9761,True
CUS_0x38a0,Standard,Standard,0.3675,0.4239,0.2085,0.4239,True
CUS_0x6992,Standard,Standard,0.0465,0.9051,0.0485,0.9051,True
CUS_0x3a82,Standard,Standard,0.0674,0.886,0.0465,0.886,True
CUS_0x21b1,Good,Good,0.1096,0.1973,0.6932,0.6932,True
CUS_0x7148,Standard,Standard,0.3626,0.485,0.1524,0.485,True
CUS_0x6daf,Standard,Poor,0.5103,0.4115,0.0782,0.5103,False
CUS_0x8ca7,Standard,Good,0.0784,0.3574,0.5641,0.5641,False
CUS_0x2fb1,Standard,Standard,0.1462,0.6976,0.1562,0.6976,True
CUS_0x1698,Standard,Poor,0.8644,0.1328,0.0028,0.8644,False
CUS_0xb057,Poor,Poor,0.3978,0.3083,0.2939,0.3978,True
CUS_0x8c5a,Poor,Poor,0.8409,0.159,0.0002,0.8409,True
CUS_0x4daa,Standard,Standard,0.0003,0.7734,0.2264,0.7734,True
CUS_0x7040,Standard,Standard,0.1473,0.8166,0.0362,0.8166,True
CUS_0xa2f4,Good,Poor,0.5803,0.3228,0.0969,0.5803,False
CUS_0x2923,Poor,Poor,0.8775,0.1205,0.002,0.8775,True
CUS_0xc636,Good,Good,0.0461,0.112,0.8419,0.8419,True
CUS_0x194f,Standard,Standard,0.0532,0.8348,0.112,0.8348,True
CUS_0x2b58,Standard,Standard,0.0471,0.8202,0.1327,0.8202,True
CUS_0xa1f6,Standard,Standard,0.1644,0.7641,0.0715,0.7641,True
CUS_0x47ec,Poor,Poor,0.902,0.0974,0.0007,0.902,True
CUS_0xbd45,Good,Good,0.0615,0.3248,0.6138,0.6138,True
CUS_0x4d16,Poor,Poor,0.664,0.3334,0.0026,0.664,True
CUS_0xbaf4,Standard,Good,0.0235,0.2806,0.6958,0.6958,False
CUS_0x1b07,Standard,Standard,0.0805,0.8491,0.0703,0.8491,True
CUS_0x85d,Standard,Standard,0.3586,0.6375,0.0038,0.6375,True
CUS_0x8be0,Poor,Poor,0.8347,0.1635,0.0018,0.8347,True
CUS_0x541,Good,Good,0.0012,0.0561,0.9427,0.9427,True
CUS_0x734a,Poor,Poor,0.8461,0.1523,0.0016,0.8461,True
CUS_0x19c9,Standard,Standard,0.1291,0.8635,0.0074,0.8635,True
CUS_0x64d4,Standard,Good,0.0181,0.0484,0.9335,0.9335,False
CUS_0x7414,Standard,Standard,0.0707,0.8753,0.0541,0.8753,True
CUS_0x4a78,Poor,Standard,0.1551,0.5212,0.3237,0.5212,False
CUS_0x4b6b,Standard,Poor,0.5745,0.4246,0.0009,0.5745,False
CUS_0x93ad,Poor,Standard,0.0595,0.4742,0.4663,0.4742,False
CUS_0x495e,Standard,Poor,0.7644,0.2342,0.0015,0.7644,False
CUS_0xa88,Standard,Standard,0.112,0.6673,0.2207,0.6673,True
CUS_0x3040,Poor,Poor,0.9511,0.0479,0.0011,0.9511,True
CUS_0x84a8,Standard,Good,0.0004,0.0695,0.9301,0.9301,False
CUS_0x38d8,Good,Good,0.0973,0.4182,0.4845,0.4845,True
CUS_0x7812,Good,Standard,0.1559,0.5198,0.3242,0.5198,False
CUS_0xadf7,Standard,Standard,0.0829,0.8832,0.0339,0.8832,True
CUS_0x97e3,Standard,Standard,0.0204,0.9538,0.0259,0.9538,True
CUS_0x19b2,Standard,Standard,0.4808,0.5172,0.002,0.5172,True
CUS_0xa4e7,Good,Good,0.0756,0.1256,0.7989,0.7989,True
CUS_0x182b,Standard,Standard,0.0412,0.8267,0.1321,0.8267,True
CUS_0xaa62,Standard,Poor,0.5961,0.3842,0.0197,0.5961,False
CUS_0xb6a6,Standard,Standard,0.3795,0.5466,0.0739,0.5466,True
CUS_0x8398,Standard,Poor,0.6517,0.3465,0.0018,0.6517,False
CUS_0x7e76,Standard,Standard,0.0621,0.8993,0.0385,0.8993,True
CUS_0x51c0,Poor,Poor,0.8879,0.1115,0.0006,0.8879,True
CUS_0x2fa2,Standard,Standard,0.2433,0.7053,0.0514,0.7053,True
CUS_0x9b27,Standard,Standard,0.0512,0.7868,0.162,0.7868,True
CUS_0x95a1,Standard,Poor,0.8466,0.152,0.0014,0.8466,False
CUS_0x1769,Good,Good,0.0305,0.0773,0.8921,0.8921,True
CUS_0x4b42,Poor,Standard,0.3828,0.5911,0.0262,0.5911,False
CUS_0x5ce6,Poor,Standard,0.3386,0.6465,0.0149,0.6465,False
CUS_0x7e9a,Standard,Poor,0.7732,0.2265,0.0003,0.7732,False
CUS_0xa7ea,Standard,Standard,0.1839,0.7999,0.0162,0.7999,True
CUS_0x25f8,Standard,Standard,0.4452,0.5468,0.008,0.5468,True
CUS_0x8b1f,Good,Good,0.0851,0.4335,0.4814,0.4814,True
CUS_0x7c21,Poor,Poor,0.7901,0.2083,0.0016,0.7901,True
CUS_0xae4,Poor,Poor,0.5804,0.3757,0.0439,0.5804,True
CUS_0x4425,Poor,Poor,0.7625,0.2331,0.0043,0.7625,True
CUS_0x31eb,Good,Good,0.0705,0.2482,0.6813,0.6813,True
CUS_0xc016,Good,Good,0.0629,0.1837,0.7535,0.7535,True
CUS_0x8271,Standard,Good,0.115,0.2924,0.5926,0.5926,False
CUS_0x6120,Poor,Standard,0.2622,0.7263,0.0115,0.7263,False
CUS_0x4e0e,Good,Good,0.0427,0.4086,0.5487,0.5487,True
CUS_0x30df,Good,Good,0.0351,0.4332,0.5317,0.5317,True
CUS_0x6c52,Poor,Poor,0.7419,0.0899,0.1682,0.7419,True
CUS_0xe91,Standard,Standard,0.0438,0.763,0.1932,0.763,True
CUS_0x73b3,Poor,Poor,0.8637,0.1357,0.0006,0.8637,True
CUS_0xb13e,Standard,Standard,0.0273,0.6012,0.3715,0.6012,True
CUS_0xb029,Good,Standard,0.0681,0.5625,0.3694,0.5625,False
CUS_0x4271,Good,Poor,0.8425,0.1167,0.0408,0.8425,False
CUS_0x69ea,Good,Standard,0.3216,0.3718,0.3066,0.3718,False
CUS_0xb13b,Standard,Standard,0.03,0.9513,0.0186,0.9513,True
CUS_0x554,Standard,Standard,0.1072,0.8006,0.0921,0.8006,True
CUS_0x760c,Good,Good,0.0073,0.0744,0.9184,0.9184,True
CUS_0x1ad9,Standard,Standard,0.3808,0.385,0.2343,0.385,True
CUS_0x75ce,Poor,Standard,0.3488,0.6254,0.0257,0.6254,False
CUS_0xb676,Standard,Standard,0.1056,0.8604,0.034,0.8604,True
CUS_0x77ac,Poor,Standard,0.1454,0.4317,0.4229,0.4317,False
CUS_0xa547,Standard,Standard,0.0736,0.8859,0.0405,0.8859,True
CUS_0xa405,Standard,Poor,0.688,0.3108,0.0012,0.688,False
CUS_0xb662,Standard,Standard,0.0714,0.8204,0.1082,0.8204,True
CUS_0x1dc1,Poor,Good,0.2796,0.2817,0.4387,0.4387,False
CUS_0xcc4,Good,Good,0.0021,0.0327,0.9652,0.9652,True
CUS_0xb6e7,Poor,Standard,0.3644,0.6081,0.0275,0.6081,False
CUS_0x8e8a,Good,Standard,0.1663,0.5607,0.2731,0.5607,False
CUS_0x7bbb,Standard,Poor,0.799,0.1998,0.0012,0.799,False
CUS_0x61f7,Standard,Good,0.0536,0.4252,0.5213,0.5213,False
CUS_0x3793,Standard,Poor,0.6802,0.3058,0.014,0.6802,False
CUS_0x30c5,Poor,Standard,0.433,0.4957,0.0713,0.4957,False
CUS_0x2bc9,Poor,Poor,0.5242,0.2118,0.2641,0.5242,True
CUS_0x2200,Poor,Poor,0.935,0.0648,0.0002,0.935,True
CUS_0x1fa5,Standard,Poor,0.7684,0.2305,0.0012,0.7684,False
CUS_0x5840,Standard,Standard,0.0541,0.4899,0.456,0.4899,True
CUS_0xb4c9,Standard,Poor,0.6287,0.3682,0.0031,0.6287,False
CUS_0xab1e,Standard,Standard,0.3696,0.472,0.1584,0.472,True
CUS_0x9550,Standard,Standard,0.047,0.8892,0.0638,0.8892,True
CUS_0xaa5,Standard,Standard,0.2079,0.7703,0.0219,0.7703,True
CUS_0x4ac9,Good,Good,0.0062,0.0899,0.9039,0.9039,True
CUS_0x7863,Poor,Poor,0.9262,0.0733,0.0004,0.9262,True
CUS_0x660b,Good,Good,0.0731,0.1722,0.7548,0.7548,True
CUS_0x3854,Standard,Good,0.1281,0.2672,0.6048,0.6048,False
CUS_0x22be,Good,Good,0.0007,0.0551,0.9443,0.9443,True
CUS_0x425,Standard,Poor,0.5894,0.4092,0.0014,0.5894,False
CUS_0x242e,Standard,Standard,0.2012,0.7284,0.0704,0.7284,True
CUS_0x6339,Standard,Standard,0.1527,0.544,0.3033,0.544,True
CUS_0xa420,Standard,Standard,0.2427,0.6721,0.0852,0.6721,True
CUS_0x5b84,Poor,Poor,0.7193,0.2708,0.0099,0.7193,True
CUS_0xb03b,Poor,Poor,0.6853,0.314,0.0007,0.6853,True
CUS_0x979c,Standard,Poor,0.7509,0.2444,0.0046,0.7509,False
CUS_0xc4f,Standard,Standard,0.0336,0.9485,0.018,0.9485,True
CUS_0x8804,Poor,Poor,0.8882,0.1113,0.0006,0.8882,True
CUS_0x3aa1,Poor,Poor,0.851,0.1482,0.0008,0.851,True
CUS_0x52b1,Standard,Good,0.0785,0.1088,0.8127,0.8127,False
CUS_0x181f,Poor,Poor,0.952,0.0475,0.0004,0.952,True
CUS_0x6200,Poor,Poor,0.8641,0.127,0.009,0.8641,True
CUS_0x592a,Poor,Poor,0.9196,0.0796,0.0008,0.9196,True
CUS_0x790a,Standard,Good,0.1265,0.2597,0.6138,0.6138,False
CUS_0x81fe,Standard,Poor,0.7301,0.2686,0.0013,0.7301,False
CUS_0x9534,Standard,Good,0.046,0.3189,0.6351,0.6351,False
CUS_0xa138,Poor,Standard,0.4794,0.4982,0.0224,0.4982,False
CUS_0xaa6e,Standard,Standard,0.3224,0.6755,0.0021,0.6755,True
CUS_0x3716,Poor,Poor,0.3735,0.3347,0.2918,0.3735,True
CUS_0x5554,Poor,Standard,0.4236,0.5664,0.01,0.5664,False
CUS_0x7541,Standard,Standard,0.3565,0.6422,0.0013,0.6422,True
CUS_0xbe59,Standard,Poor,0.9092,0.0902,0.0006,0.9092,False
CUS_0x182d,Standard,Standard,0.2316,0.7442,0.0242,0.7442,True
CUS_0x7f47,Good,Good,0.1157,0.1889,0.6954,0.6954,True
CUS_0x3e09,Poor,Poor,0.8982,0.1009,0.0009,0.8982,True
CUS_0x2f7d,Good,Standard,0.0459,0.756,0.1981,0.756,False
CUS_0x97da,Poor,Poor,0.8678,0.132,0.0002,0.8678,True
CUS_0x770a,Poor,Poor,0.7707,0.2165,0.0128,0.7707,True
CUS_0x8158,Standard,Standard,0.1097,0.8578,0.0325,0.8578,True
CUS_0xfdb,Standard,Standard,0.2578,0.7321,0.01,0.7321,True
CUS_0x6754,Poor,Poor,0.9206,0.0791,0.0003,0.9206,True
CUS_0x4d66,Standard,Standard,0.1155,0.8737,0.0109,0.8737,True
CUS_0xbbaa,Standard,Standard,0.057,0.7749,0.1681,0.7749,True
CUS_0xbfba,Poor,Standard,0.0884,0.8155,0.0961,0.8155,False
CUS_0x37cc,Good,Good,0.1319,0.1262,0.7419,0.7419,True
CUS_0x553d,Standard,Poor,0.6982,0.2939,0.0079,0.6982,False
CUS_0x6d8,Poor,Poor,0.7722,0.2267,0.001,0.7722,True
CUS_0x1640,Poor,Standard,0.0174,0.6169,0.3657,0.6169,False
CUS_0x10d7,Poor,Poor,0.7253,0.2469,0.0278,0.7253,True
CUS_0x6f09,Poor,Poor,0.8006,0.1967,0.0027,0.8006,True
CUS_0xc0af,Poor,Poor,0.8322,0.1674,0.0004,0.8322,True
CUS_0x4e4a,Standard,Standard,0.1047,0.813,0.0822,0.813,True
CUS_0xbafd,Standard,Standard,0.1732,0.7987,0.0281,0.7987,True
CUS_0x453d,Standard,Poor,0.4837,0.294,0.2223,0.4837,False
CUS_0x5bf,Poor,Poor,0.9161,0.0813,0.0025,0.9161,True
CUS_0x2991,Poor,Poor,0.9227,0.0766,0.0006,0.9227,True
CUS_0xef7,Standard,Standard,0.0547,0.5977,0.3477,0.5977,True
CUS_0x86c0,Poor,Poor,0.8203,0.1791,0.0006,0.8203,True
CUS_0xc5a3,Standard,Standard,0.1347,0.8571,0.0082,0.8571,True
CUS_0xaf63,Standard,Standard,0.0927,0.7974,0.11,0.7974,True
CUS_0x21be,Standard,Standard,0.0727,0.8874,0.0399,0.8874,True
CUS_0x719,Standard,Good,0.0373,0.4283,0.5344,0.5344,False
CUS_0xe75,Standard,Good,0.1097,0.3403,0.55,0.55,False
CUS_0x8802,Standard,Standard,0.0933,0.8425,0.0642,0.8425,True
CUS_0x49b5,Standard,Standard,0.0498,0.8124,0.1378,0.8124,True
CUS_0xa5a0,Standard,Standard,0.0253,0.8853,0.0894,0.8853,True
CUS_0xb19c,Good,Good,0.0114,0.1339,0.8547,0.8547,True
CUS_0x328e,Good,Good,0.0327,0.2789,0.6884,0.6884,True
CUS_0x4ffd,Standard,Standard,0.0297,0.7396,0.2308,0.7396,True
CUS_0x75ca,Standard,Poor,0.5312,0.4678,0.001,0.5312,False
CUS_0x157d,Standard,Standard,0.0374,0.8281,0.1346,0.8281,True
CUS_0xb0c1,Standard,Standard,0.359,0.6245,0.0165,0.6245,True
CUS_0x7711,Good,Good,0.0599,0.1235,0.8167,0.8167,True
CUS_0x3c90,Good,Good,0.1206,0.1257,0.7537,0.7537,True
CUS_0xaa66,Standard,Poor,0.6884,0.2829,0.0286,0.6884,False
CUS_0x2126,Standard,Poor,0.6642,0.3339,0.0019,0.6642,False
CUS_0x591,Standard,Poor,0.6461,0.3535,0.0004,0.6461,False
CUS_0x8749,Standard,Standard,0.1161,0.8791,0.0048,0.8791,True
CUS_0xb65f,Poor,Poor,0.8962,0.1035,0.0004,0.8962,True
CUS_0xa153,Good,Good,0.0302,0.435,0.5349,0.5349,True
CUS_0x560d,Good,Good,0.1421,0.126,0.7319,0.7319,True
CUS_0x318d,Standard,Standard,0.2941,0.7023,0.0036,0.7023,True
CUS_0x7a4d,Poor,Good,0.0813,0.3764,0.5423,0.5423,False
CUS_0x6736,Good,Good,0.0004,0.0559,0.9437,0.9437,True
CUS_0xa6c6,Poor,Poor,0.7784,0.2209,0.0007,0.7784,True
CUS_0x96cd,Poor,Poor,0.8799,0.1198,0.0003,0.8799,True
CUS_0x240d,Standard,Good,0.0096,0.0449,0.9455,0.9455,False
CUS_0xa7b5,Poor,Poor,0.9276,0.0719,0.0005,0.9276,True
CUS_0x7a77,Good,Standard,0.0317,0.7866,0.1817,0.7866,False
CUS_0x8752,Standard,Standard,0.0086,0.9338,0.0576,0.9338,True
CUS_0x5f7a,Good,Good,0.0023,0.1445,0.8532,0.8532,True
CUS_0x57a2,Standard,Standard,0.192,0.4714,0.3366,0.4714,True
CUS_0xac1a,Standard,Standard,0.0513,0.8701,0.0787,0.8701,True
CUS_0x4993,Good,Good,0.0004,0.0384,0.9612,0.9612,True
CUS_0x3ea4,Standard,Standard,0.0261,0.9157,0.0582,0.9157,True
CUS_0xc142,Poor,Poor,0.5872,0.4124,0.0004,0.5872,True
CUS_0xb15c,Poor,Poor,0.4969,0.4689,0.0342,0.4969,True
CUS_0x67fd,Good,Good,0.0334,0.3447,0.6219,0.6219,True
CUS_0x76af,Standard,Good,0.0401,0.321,0.6388,0.6388,False
CUS_0x9476,Poor,Poor,0.7946,0.2049,0.0006,0.7946,True
CUS_0x5ba4,Standard,Standard,0.4302,0.5137,0.0561,0.5137,True
CUS_0x1bb6,Standard,Poor,0.7744,0.223,0.0026,0.7744,False
CUS_0x61f8,Standard,Poor,0.8809,0.1184,0.0006,0.8809,False
CUS_0x5073,Standard,Standard,0.1021,0.8724,0.0255,0.8724,True
CUS_0x8432,Poor,Poor,0.8818,0.1178,0.0003,0.8818,True
CUS_0x6acb,Poor,Poor,0.93,0.0698,0.0002,0.93,True
CUS_0x12a8,Standard,Standard,0.1261,0.8399,0.034,0.8399,True
CUS_0xc06e,Standard,Standard,0.0858,0.8825,0.0317,0.8825,True
CUS_0x5d34,Standard,Standard,0.0288,0.9247,0.0465,0.9247,True
CUS_0x6793,Standard,Standard,0.0452,0.8616,0.0932,0.8616,True
CUS_0xbd89,Standard,Standard,0.0295,0.7785,0.192,0.7785,True
CUS_0x5558,Standard,Good,0.0347,0.172,0.7933,0.7933,False
CUS_0x6928,Poor,Poor,0.9108,0.0879,0.0013,0.9108,True
CUS_0x4218,Standard,Poor,0.8643,0.1351,0.0006,0.8643,False
CUS_0x1612,Standard,Standard,0.0232,0.7668,0.2101,0.7668,True
CUS_0x94b,Poor,Poor,0.8287,0.154,0.0173,0.8287,True
CUS_0xa3fa,Good,Good,0.0627,0.0908,0.8465,0.8465,True
CUS_0x3eb6,Standard,Poor,0.5251,0.3214,0.1535,0.5251,False
CUS_0x7afc,Standard,Good,0.0539,0.1356,0.8105,0.8105,False
CUS_0xa9a9,Standard,Standard,0.0775,0.8578,0.0647,0.8578,True
CUS_0x8511,Good,Good,0.0558,0.2913,0.6529,0.6529,True
CUS_0x41dc,Poor,Poor,0.8689,0.1307,0.0004,0.8689,True
CUS_0xc475,Standard,Standard,0.2298,0.7668,0.0034,0.7668,True
CUS_0x9f6c,Poor,Poor,0.8157,0.1838,0.0005,0.8157,True
CUS_0x3082,Poor,Poor,0.8823,0.117,0.0007,0.8823,True
CUS_0x4cb8,Good,Good,0.0733,0.1284,0.7983,0.7983,True
CUS_0x2997,Standard,Standard,0.0757,0.9114,0.0128,0.9114,True
CUS_0xbf4c,Standard,Good,0.1905,0.2932,0.5163,0.5163,False
CUS_0x1e3f,Good,Standard,0.0437,0.7246,0.2317,0.7246,False
CUS_0x3097,Good,Good,0.066,0.1892,0.7448,0.7448,True
CUS_0xaf9c,Poor,Good,0.0116,0.3134,0.675,0.675,False
CUS_0x1899,Poor,Poor,0.8811,0.1182,0.0006,0.8811,True
CUS_0x5525,Standard,Standard,0.0095,0.9331,0.0575,0.9331,True
CUS_0x537e,Standard,Standard,0.0637,0.8617,0.0746,0.8617,True
CUS_0x6322,Standard,Poor,0.824,0.1755,0.0005,0.824,False
CUS_0x99ba,Good,Good,0.2031,0.1687,0.6283,0.6283,True
CUS_0x67d0,Standard,Standard,0.0214,0.9299,0.0487,0.9299,True
CUS_0x5c60,Standard,Poor,0.5968,0.4027,0.0005,0.5968,False
CUS_0x7ea0,Poor,Standard,0.2636,0.6694,0.0671,0.6694,False
CUS_0x5055,Standard,Standard,0.0638,0.7977,0.1385,0.7977,True
CUS_0x6991,Poor,Poor,0.8561,0.1436,0.0003,0.8561,True
CUS_0x10f9,Standard,Good,0.0027,0.2889,0.7084,0.7084,False
CUS_0xbd4a,Standard,Standard,0.0239,0.9036,0.0725,0.9036,True
CUS_0x4ae9,Standard,Good,0.0291,0.4312,0.5397,0.5397,False
CUS_0x4ab4,Standard,Poor,0.8318,0.168,0.0003,0.8318,False
CUS_0xa83e,Standard,Standard,0.0404,0.7913,0.1683,0.7913,True
CUS_0x1108,Poor,Standard,0.2801,0.3707,0.3491,0.3707,False
CUS_0x59a1,Poor,Poor,0.8767,0.1228,0.0005,0.8767,True
CUS_0xae75,Standard,Standard,0.1391,0.7821,0.0788,0.7821,True
CUS_0x5f9,Poor,Poor,0.7901,0.2053,0.0045,0.7901,True
CUS_0x86dd,Poor,Standard,0.1551,0.7837,0.0612,0.7837,False
CUS_0x1def,Standard,Standard,0.3459,0.6344,0.0197,0.6344,True
CUS_0xaeb2,Poor,Poor,0.664,0.3347,0.0013,0.664,True
CUS_0x41e3,Standard,Poor,0.6451,0.3537,0.0012,0.6451,False
CUS_0x31ef,Standard,Poor,0.799,0.1931,0.0079,0.799,False
CUS_0x71eb,Poor,Standard,0.3707,0.5829,0.0464,0.5829,False
CUS_0x9f95,Standard,Standard,0.0945,0.7171,0.1884,0.7171,True
CUS_0xaf14,Standard,Poor,0.748,0.2497,0.0023,0.748,False
CUS_0xbbbb,Good,Good,0.0319,0.1576,0.8105,0.8105,True
CUS_0x51e,Good,Standard,0.0371,0.8342,0.1287,0.8342,False
CUS_0x20c8,Good,Good,0.0408,0.1543,0.8049,0.8049,True
CUS_0xc29e,Standard,Standard,0.1475,0.8368,0.0157,0.8368,True
CUS_0x6087,Poor,Standard,0.0696,0.9072,0.0232,0.9072,False
CUS_0x14c2,Standard,Standard,0.3474,0.6387,0.0139,0.6387,True
CUS_0x8ce4,Poor,Poor,0.7844,0.1266,0.089,0.7844,True
CUS_0x4038,Standard,Good,0.0008,0.1175,0.8818,0.8818,False
CUS_0x70a3,Poor,Poor,0.9607,0.0364,0.0028,0.9607,True
CUS_0x49c1,Standard,Standard,0.0643,0.9057,0.0299,0.9057,True
CUS_0x5260,Standard,Standard,0.2089,0.7612,0.0299,0.7612,True
CUS_0x2ed7,Standard,Poor,0.8107,0.1881,0.0012,0.8107,False
CUS_0xc45d,Standard,Standard,0.0933,0.8279,0.0788,0.8279,True
CUS_0x1441,Good,Good,0.0956,0.2314,0.673,0.673,True
CUS_0x9664,Poor,Standard,0.0874,0.8003,0.1122,0.8003,False
CUS_0x46c3,Good,Standard,0.0279,0.6296,0.3425,0.6296,False
CUS_0x436d,Standard,Standard,0.051,0.7622,0.1868,0.7622,True
CUS_0x5180,Standard,Standard,0.3121,0.6728,0.015,0.6728,True
CUS_0xc015,Standard,Standard,0.0341,0.949,0.0169,0.949,True
CUS_0x6568,Good,Poor,0.5926,0.3752,0.0322,0.5926,False
CUS_0x3ea1,Standard,Standard,0.3878,0.5998,0.0125,0.5998,True
CUS_0x2d1a,Standard,Standard,0.0375,0.9471,0.0154,0.9471,True
CUS_0xab80,Standard,Good,0.0422,0.1848,0.7729,0.7729,False
CUS_0xad55,Poor,Poor,0.6089,0.3895,0.0016,0.6089,True
CUS_0x95f4,Good,Standard,0.4007,0.5793,0.0199,0.5793,False
CUS_0xac04,Standard,Standard,0.1095,0.7278,0.1626,0.7278,True
CUS_0x470d,Good,Standard,0.1517,0.6328,0.2156,0.6328,False
CUS_0x29e1,Poor,Poor,0.8875,0.1114,0.0012,0.8875,True
CUS_0x1443,Standard,Standard,0.0319,0.8991,0.0689,0.8991,True
CUS_0xa23e,Standard,Good,0.0012,0.2462,0.7527,0.7527,False
CUS_0x7cf,Poor,Poor,0.8237,0.171,0.0054,0.8237,True
CUS_0xb69a,Poor,Poor,0.7428,0.1254,0.1318,0.7428,True
CUS_0x90ca,Standard,Standard,0.0304,0.8263,0.1433,0.8263,True
CUS_0x1309,Standard,Good,0.3328,0.3074,0.3598,0.3598,False
CUS_0xa7c7,Standard,Standard,0.0738,0.8814,0.0448,0.8814,True
CUS_0x5845,Poor,Poor,0.573,0.1425,0.2846,0.573,True
CUS_0x846e,Poor,Standard,0.2128,0.5399,0.2472,0.5399,False
CUS_0xebc,Poor,Poor,0.7247,0.275,0.0004,0.7247,True
CUS_0x4afe,Standard,Good,0.0824,0.2223,0.6953,0.6953,False
CUS_0x9c08,Good,Good,0.0609,0.0946,0.8446,0.8446,True
CUS_0x68d8,Standard,Poor,0.8241,0.1737,0.0021,0.8241,False
CUS_0xa90a,Standard,Poor,0.7086,0.2746,0.0168,0.7086,False
CUS_0x3b6e,Poor,Poor,0.9386,0.0612,0.0003,0.9386,True
CUS_0x5157,Standard,Poor,0.8243,0.1705,0.0052,0.8243,False
CUS_0x20e0,Standard,Standard,0.019,0.9079,0.0731,0.9079,True
CUS_0x44e9,Poor,Poor,0.7478,0.247,0.0053,0.7478,True
CUS_0xa69f,Poor,Poor,0.8638,0.1358,0.0004,0.8638,True
CUS_0x51eb,Standard,Poor,0.4761,0.4331,0.0908,0.4761,False
CUS_0xeda,Poor,Poor,0.9454,0.0543,0.0003,0.9454,True
CUS_0x134d,Standard,Standard,0.037,0.7694,0.1936,0.7694,True
CUS_0x597c,Poor,Poor,0.5629,0.4324,0.0048,0.5629,True
CUS_0x90f0,Poor,Poor,0.8672,0.1326,0.0002,0.8672,True
CUS_0x2b62,Poor,Poor,0.5663,0.3705,0.0633,0.5663,True
CUS_0x2b2b,Standard,Standard,0.3141,0.6789,0.007,0.6789,True
CUS_0x207a,Good,Good,0.0012,0.0435,0.9553,0.9553,True
CUS_0x89b4,Poor,Standard,0.0885,0.8423,0.0692,0.8423,False
CUS_0x865c,Standard,Standard,0.0453,0.7669,0.1878,0.7669,True
CUS_0xc331,Poor,Poor,0.6782,0.2641,0.0577,0.6782,True
CUS_0x3221,Standard,Standard,0.032,0.9271,0.0409,0.9271,True
CUS_0x846a,Good,Standard,0.0717,0.8885,0.0398,0.8885,False
CUS_0x1695,Good,Good,0.0722,0.3228,0.605,0.605,True
CUS_0x5682,Standard,Standard,0.4163,0.5807,0.003,0.5807,True
CUS_0x3a50,Poor,Poor,0.8004,0.1958,0.0038,0.8004,True
CUS_0xbc0e,Standard,Standard,0.0854,0.8798,0.0348,0.8798,True
CUS_0xcfd,Poor,Poor,0.7226,0.275,0.0024,0.7226,True
CUS_0x47a,Good,Good,0.0024,0.0792,0.9184,0.9184,True
CUS_0x4a2b,Poor,Standard,0.478,0.5093,0.0127,0.5093,False
CUS_0xe8d,Poor,Poor,0.6742,0.3232,0.0026,0.6742,True
CUS_0xaef3,Good,Good,0.0005,0.0898,0.9097,0.9097,True
CUS_0xa648,Good,Standard,0.45,0.5113,0.0386,0.5113,False
CUS_0x906e,Poor,Poor,0.9357,0.0637,0.0007,0.9357,True
CUS_0xbb79,Good,Good,0.0824,0.4386,0.479,0.479,True
CUS_0x3821,Poor,Standard,0.053,0.8142,0.1327,0.8142,False
CUS_0x3e38,Standard,Standard,0.0225,0.9182,0.0592,0.9182,True
CUS_0x79d5,Poor,Poor,0.8201,0.1791,0.0008,0.8201,True
CUS_0x4d2,Standard,Standard,0.0516,0.8483,0.1001,0.8483,True
CUS_0x88e5,Good,Good,0.0012,0.1049,0.8939,0.8939,True
CUS_0x3639,Standard,Poor,0.8629,0.1316,0.0055,0.8629,False
CUS_0x9c49,Standard,Standard,0.2438,0.7208,0.0354,0.7208,True
CUS_0x8d19,Standard,Standard,0.1125,0.8046,0.0829,0.8046,True
CUS_0x9103,Standard,Poor,0.8523,0.1459,0.0018,0.8523,False
CUS_0x7154,Standard,Standard,0.0347,0.6939,0.2714,0.6939,True
